Sequence,Index,Curvature / 0.0234 [10],Bend Angle / 2.3728  [2],Curvature Angle / 2.3728  [15],Helix Axis [x],Helix Axis [y],Helix Axis [z],Phosphate 1 [x],Phosphate 1 [y],Phosphate 1 [z],Phosphate 2 [x],Phosphate 2 [y],Phosphate 2 [z],Basepair Normal [x],Basepair Normal [y],Basepair Normal [z],Smoothed Normal [x],Smoothed Normal [y],Smoothed Normal [z]
G,1,0.00000,0.00000,0.00000,-477.47851,-16.43497,-172.34882,-479.55042,-18.69372,-180.96971,-474.17119,-13.37133,-164.38702,-0.62478,0.72813,-0.28189,-0.34085,0.38645,-0.18994
T,2,0.00000,0.00000,0.00000,-475.32008,-18.84969,-171.38201,-473.38229,-17.75960,-180.25733,-476.11588,-18.82310,-162.26716,-0.63859,0.71441,-0.28604,-0.40497,0.45511,-0.22370
C,3,0.00000,0.05154,0.00000,-473.14110,-21.11507,-170.13924,-468.08535,-16.46415,-176.18264,-477.66928,-24.67363,-163.02960,-0.64467,0.67023,-0.36769,-0.47298,0.52185,-0.25401
A,4,0.00000,0.03807,0.00000,-471.12328,-23.49584,-168.84125,-465.43743,-16.45354,-170.17976,-477.01332,-29.90811,-166.02972,-0.59699,0.70437,-0.38402,-0.53597,0.59360,-0.28309
C,5,0.00000,0.03038,0.00000,-469.07986,-25.83094,-167.50105,-465.72001,-17.98627,-164.20150,-473.33686,-33.68995,-169.45770,-0.60456,0.69086,-0.39651,-0.59123,0.67311,-0.30725
C,6,0.00000,0.05086,0.00000,-467.05921,-28.24050,-166.26195,-467.24443,-22.02609,-159.54917,-468.13172,-35.11386,-172.20510,-0.59783,0.71289,-0.36660,-0.61866,0.72049,-0.31330
G,7,0.00000,0.05645,0.00000,-464.74525,-30.47270,-165.21922,-468.37772,-27.43208,-157.39143,-462.25161,-34.65562,-172.96515,-0.68460,0.66042,-0.30850,-0.61562,0.72682,-0.30455
T,8,0.00000,0.09208,0.00000,-462.46156,-32.75243,-164.21323,-469.14378,-33.63185,-158.02541,-456.57219,-33.02424,-171.21008,-0.67565,0.67448,-0.29763,-0.60651,0.73886,-0.29366
T,9,0.00000,0.08442,0.00000,-460.48741,-35.32257,-163.25330,-468.92315,-38.43344,-161.55766,-452.24355,-32.90005,-166.39731,-0.58407,0.76040,-0.28400,-0.59724,0.75164,-0.27990
T,10,0.00000,0.06492,0.00000,-458.72589,-38.12749,-162.57961,-466.50168,-41.36303,-166.15492,-450.40802,-34.91688,-160.52547,-0.52116,0.82986,-0.19932,-0.59100,0.76361,-0.26005
C,11,0.14116,0.05606,0.00000,-456.70602,-40.77153,-161.98499,-460.97944,-43.11836,-169.72739,-451.31452,-37.79047,-155.22041,-0.59760,0.78226,-0.17592,-0.58393,0.77544,-0.24024
C,12,0.10965,0.03400,0.00000,-454.69362,-43.39013,-161.26556,-454.66982,-43.20026,-170.41312,-453.42465,-42.61928,-152.23727,-0.59538,0.77473,-0.21285,-0.57612,0.78403,-0.23104
G,13,0.04677,0.04684,0.00000,-453.01061,-46.22542,-160.52191,-449.12202,-43.48772,-168.33846,-455.74339,-48.08978,-151.99135,-0.49793,0.83884,-0.22001,-0.56590,0.79304,-0.22549
C,14,0.01688,0.02623,0.00000,-451.12319,-48.89063,-159.65086,-444.97655,-42.98895,-162.98306,-456.95001,-54.10045,-154.89476,-0.55841,0.78852,-0.25771,-0.56018,0.79957,-0.21656
T,15,0.08188,0.05364,0.00000,-449.36808,-51.74653,-159.21748,-443.05824,-45.22741,-158.03359,-455.88797,-58.15235,-158.80403,-0.51926,0.84494,-0.12822,-0.56524,0.79669,-0.21398
T,16,0.13125,0.01144,0.42298,-447.51728,-54.45280,-158.39586,-444.25344,-47.94163,-152.85813,-451.79492,-61.28853,-162.71895,-0.54757,0.80067,-0.24308,-0.57583,0.78748,-0.21974
G,17,0.18396,0.03212,0.37271,-445.50963,-57.03196,-157.53465,-446.65109,-52.55721,-149.63603,-445.66046,-62.35870,-164.97223,-0.59398,0.76306,-0.25479,-0.58242,0.78015,-0.22837
T,18,0.22934,0.04798,0.31695,-443.54830,-59.65403,-156.69661,-448.73069,-58.46923,-149.24990,-439.52708,-61.85788,-164.61415,-0.58028,0.77576,-0.24794,-0.59314,0.76754,-0.24305
C,19,0.28048,0.05446,0.25385,-441.60585,-62.36736,-156.15890,-449.48622,-64.61084,-152.08692,-434.36096,-60.83692,-161.53327,-0.57469,0.80276,-0.15909,-0.60265,0.75543,-0.25716
T,20,0.29863,0.05209,0.17590,-439.47728,-64.82646,-155.23889,-447.60830,-69.02161,-155.28164,-431.24658,-61.11976,-156.73235,-0.62975,0.72755,-0.27219,-0.60975,0.74298,-0.27603
C,21,0.32352,0.12308,0.11976,-437.13823,-67.15600,-154.51327,-443.15417,-71.77311,-159.63238,-430.38165,-62.23193,-150.79619,-0.69203,0.68921,-0.21468,-0.62360,0.72448,-0.29367
T,22,0.33541,0.05209,0.12612,-435.04087,-69.54197,-153.35890,-437.79310,-72.90938,-161.40876,-431.07925,-65.52198,-146.15753,-0.62052,0.70591,-0.34153,-0.63797,0.70678,-0.30571
C,23,0.32281,0.07543,0.13718,-432.77062,-71.69580,-152.08165,-431.06135,-71.95803,-161.06631,-433.37745,-70.25368,-143.06685,-0.67167,0.63723,-0.37788,-0.64755,0.69064,-0.32201
T,24,0.34827,0.04273,0.14971,-430.86688,-74.18287,-150.81095,-426.11914,-71.46991,-158.14670,-434.72709,-75.80833,-142.67638,-0.56324,0.73582,-0.37595,-0.65163,0.67552,-0.34504
T,25,0.32955,0.03800,0.16556,-428.65197,-76.37928,-149.50928,-423.28600,-69.91486,-153.13312,-433.93169,-81.95799,-144.53766,-0.65530,0.64983,-0.38511,-0.65629,0.65747,-0.37016
G,26,0.32987,0.05354,0.18458,-426.30846,-78.52710,-148.36070,-422.42718,-70.33955,-147.09025,-430.75028,-86.52279,-148.12867,-0.69334,0.63545,-0.33982,-0.65925,0.63924,-0.39592
A,27,0.29901,0.02882,0.20292,-423.85899,-80.43996,-147.03199,-423.82932,-73.01395,-141.68708,-424.93643,-88.46043,-151.30114,-0.72470,0.56593,-0.39311,-0.66228,0.62192,-0.41785
A,28,0.28431,0.07842,0.22077,-421.72072,-82.61737,-145.57902,-425.46161,-78.29502,-138.43496,-419.18589,-87.99687,-152.53244,-0.63262,0.64420,-0.42987,-0.66644,0.60717,-0.43267
C,29,0.25670,0.05284,0.23503,-419.63100,-84.81275,-144.08311,-426.67563,-84.35021,-138.26299,-413.40035,-86.50229,-150.56685,-0.61826,0.64952,-0.44258,-0.67173,0.58868,-0.44970
T,30,0.22518,0.05778,0.24121,-417.30421,-86.60889,-142.41449,-425.19697,-89.85274,-139.11354,-409.54516,-84.55009,-146.80459,-0.68840,0.53140,-0.49367,-0.67488,0.57023,-0.46837
A,31,0.18628,0.07239,0.24058,-414.97330,-88.36586,-140.71027,-421.66093,-94.47761,-141.98964,-407.69565,-82.82172,-140.82307,-0.68962,0.51981,-0.50421,-0.67006,0.55932,-0.48803
C,32,0.16339,0.03911,0.23739,-412.64929,-90.17329,-139.04999,-416.41701,-96.31154,-144.69274,-407.83097,-83.78787,-134.60873,-0.68758,0.53474,-0.49121,-0.66339,0.55636,-0.50038
C,33,0.15341,0.03581,0.22615,-410.33870,-91.90203,-137.29015,-410.13386,-95.92459,-145.50547,-409.38022,-86.92998,-129.66948,-0.68361,0.51146,-0.52066,-0.66276,0.55289,-0.50504
A,34,0.12243,0.03727,0.21368,-408.12179,-93.56841,-135.35807,-404.22746,-93.76532,-143.63514,-411.17277,-92.00972,-126.87418,-0.65589,0.49301,-0.57162,-0.66985,0.54068,-0.50889
T,35,0.12129,0.05608,0.19862,-405.98723,-95.36236,-133.44763,-400.47059,-91.42467,-139.59382,-411.20456,-97.98993,-126.40562,-0.63153,0.53075,-0.56522,-0.67604,0.53120,-0.51068
A,36,0.12430,0.04112,0.18161,-403.86277,-97.19915,-131.56686,-398.97708,-89.71153,-133.51110,-409.20811,-103.87097,-128.30669,-0.62854,0.54343,-0.55644,-0.67911,0.52695,-0.51102
G,37,0.17177,0.05552,0.16501,-401.60780,-99.25375,-130.11148,-398.52469,-90.91546,-127.94772,-405.50304,-107.49676,-130.88245,-0.66715,0.60787,-0.43059,-0.68226,0.52261,-0.51128
A,38,0.18530,0.05101,0.14816,-399.29341,-101.07544,-128.45334,-400.62475,-93.89289,-122.94398,-399.13265,-108.95731,-133.09714,-0.68473,0.53896,-0.49057,-0.68188,0.51696,-0.51749
T,39,0.19557,0.06118,0.13398,-396.87028,-102.82888,-126.87908,-401.50539,-99.02171,-119.96998,-393.25394,-107.87508,-133.60013,-0.71690,0.51877,-0.46576,-0.67989,0.51144,-0.52553
G,40,0.20511,0.02999,0.12107,-394.44646,-104.43781,-125.15837,-401.71743,-105.12786,-119.64736,-387.68058,-105.15696,-131.27557,-0.71711,0.47601,-0.50909,-0.68195,0.50035,-0.53348
T,41,0.22040,0.08036,0.10662,-392.01400,-106.08820,-123.48991,-399.56688,-110.78083,-121.33405,-384.33249,-102.44244,-126.86886,-0.71966,0.48828,-0.49363,-0.68378,0.48371,-0.54633
A,42,0.22375,0.05681,0.09439,-389.58607,-107.70397,-121.78145,-395.17048,-114.47566,-124.36470,-383.22806,-101.23445,-120.58336,-0.71832,0.47804,-0.50546,-0.68121,0.46271,-0.56731
G,43,0.19607,0.09446,0.08709,-387.42966,-109.22520,-119.66955,-389.75516,-115.92530,-125.45014,-383.89519,-102.24710,-114.92315,-0.63799,0.45007,-0.62482,-0.67507,0.44226,-0.59050
T,44,0.18112,0.10234,0.08057,-385.22647,-110.70081,-117.57361,-383.57397,-114.82787,-125.57055,-385.73734,-105.53050,-110.04224,-0.65183,0.43657,-0.62010,-0.67000,0.42739,-0.60699
C,45,0.16165,0.05154,0.07426,-382.99510,-111.89776,-115.33471,-378.16085,-111.52583,-123.09397,-387.27582,-110.77293,-107.32692,-0.66017,0.35413,-0.66240,-0.66687,0.41598,-0.61826
A,46,0.14022,0.03807,0.06786,-380.92233,-113.15690,-112.98044,-375.32684,-108.16535,-118.22347,-386.67997,-116.79520,-106.87087,-0.61325,0.37253,-0.69653,-0.65873,0.41099,-0.63021
C,47,0.13371,0.03038,0.06855,-378.82294,-114.35484,-110.61783,-375.41259,-106.05738,-112.41677,-383.08794,-121.89606,-107.67602,-0.62112,0.35442,-0.69900,-0.64314,0.41533,-0.64333
C,48,0.14751,0.05086,0.07255,-376.74899,-115.67098,-108.29600,-376.76473,-106.75216,-106.25421,-377.96204,-124.68470,-109.29399,-0.61360,0.38939,-0.68693,-0.63280,0.42597,-0.64661
G,49,0.17645,0.05645,0.07341,-374.38917,-116.95497,-106.24489,-377.79500,-109.98634,-101.39174,-372.11163,-124.80684,-110.35286,-0.69817,0.37988,-0.60684,-0.62953,0.43610,-0.64305
T,50,0.20055,0.09208,0.07783,-372.06044,-118.29854,-104.19642,-378.54027,-115.45442,-98.39666,-366.39086,-122.53977,-109.99144,-0.68897,0.39751,-0.60606,-0.62016,0.45207,-0.64112
T,51,0.20848,0.08442,0.08727,-370.04064,-119.90412,-102.01309,-378.39896,-121.41386,-98.61108,-361.91490,-119.77704,-106.21674,-0.59757,0.47502,-0.64596,-0.61055,0.47026,-0.63724
T,52,0.17049,0.06492,0.09799,-368.24079,-121.86236,-99.92737,-376.10333,-126.45470,-100.82486,-359.88381,-118.15483,-100.28729,-0.53250,0.57936,-0.61708,-0.60377,0.49126,-0.62779
C,53,0.14116,0.05606,0.10717,-366.18623,-123.73548,-98.00523,-370.68411,-129.98606,-102.94627,-360.60551,-117.52608,-94.26178,-0.60786,0.55418,-0.56868,-0.59616,0.51212,-0.61832
C,54,0.10965,0.03400,0.11453,-364.13541,-125.51713,-95.99420,-364.39859,-130.51764,-103.65188,-362.59008,-119.80629,-89.01475,-0.60675,0.52711,-0.59498,-0.58813,0.52430,-0.61580
G,55,0.04677,0.04684,0.11693,-362.41165,-127.46004,-93.83131,-358.78695,-129.65346,-101.94087,-364.86449,-124.15701,-85.65891,-0.50999,0.57483,-0.63991,-0.57780,0.53474,-0.61660
C,56,0.01688,0.02623,0.11791,-360.48070,-129.19317,-91.66518,-354.47954,-126.27322,-97.92413,-366.12221,-130.74294,-84.63055,-0.57129,0.51276,-0.64087,-0.57184,0.54510,-0.61308
T,57,0.08188,0.05364,0.11659,-358.69443,-131.32891,-89.74886,-352.39309,-125.35505,-92.63342,-365.15656,-136.30611,-85.60364,-0.52848,0.63187,-0.56696,-0.57680,0.54424,-0.60918
T,58,0.13125,0.01144,0.11419,-356.80137,-133.12337,-87.59930,-353.40842,-124.66420,-86.79624,-361.16754,-141.15338,-87.18700,-0.56008,0.53091,-0.63597,-0.58751,0.53352,-0.60843
G,59,0.18396,0.03212,0.11078,-354.75112,-134.79246,-85.49336,-355.67428,-126.63008,-81.46375,-355.09966,-143.38270,-88.62398,-0.60658,0.49381,-0.62306,-0.59431,0.52269,-0.61122
T,60,0.22934,0.04798,0.10703,-352.74760,-136.50949,-83.38098,-357.70244,-131.26932,-77.75028,-348.96145,-142.84243,-88.79147,-0.59276,0.50800,-0.62497,-0.60540,0.50412,-0.61591
C,61,0.28048,0.05446,0.10828,-350.77175,-138.47096,-81.46446,-358.50638,-137.93148,-76.60657,-343.70835,-140.32574,-86.97650,-0.58457,0.58032,-0.56702,-0.61528,0.48629,-0.62045
T,62,0.29863,0.05209,0.11319,-348.59959,-140.00924,-79.38123,-356.70061,-143.39820,-76.81159,-340.44376,-137.89094,-82.94631,-0.64265,0.45511,-0.61634,-0.62288,0.46545,-0.62880
C,63,0.32352,0.12308,0.11976,-346.22397,-141.55268,-77.53771,-352.36681,-148.17790,-78.98219,-339.38664,-135.47346,-77.44528,-0.70285,0.45664,-0.54542,-0.63716,0.44040,-0.63252
T,64,0.33541,0.05209,0.12612,-344.07614,-142.89807,-75.30137,-347.05658,-150.18348,-79.96552,-339.91766,-135.56689,-71.74112,-0.63545,0.39804,-0.66164,-0.65178,0.41917,-0.63205
C,65,0.32281,0.07543,0.13718,-341.75318,-143.98457,-73.09961,-340.32373,-149.28729,-80.41756,-342.08747,-137.70397,-66.45455,-0.68727,0.32145,-0.65141,-0.66176,0.39677,-0.63612
T,66,0.34827,0.04273,0.14971,-339.79460,-145.34549,-70.70456,-335.29600,-147.29882,-78.42865,-343.38822,-142.05459,-62.96050,-0.57946,0.40264,-0.70860,-0.66645,0.37135,-0.64648
T,67,0.32955,0.03800,0.16556,-337.52591,-146.45271,-68.45700,-332.31779,-143.22286,-75.25097,-342.61149,-148.19233,-61.05260,-0.67121,0.32758,-0.66496,-0.67178,0.34234,-0.65690
G,68,0.32987,0.05354,0.18458,-335.13380,-147.60770,-66.36698,-331.26789,-140.17739,-70.04933,-339.51427,-154.02564,-61.53623,-0.70773,0.34171,-0.61835,-0.67543,0.31280,-0.66780
A,69,0.29901,0.02882,0.20292,-332.63167,-148.46839,-64.26389,-332.48321,-139.32275,-64.04056,-333.78992,-157.48564,-63.23330,-0.74027,0.25464,-0.62221,-0.67903,0.28616,-0.67604
A,70,0.28431,0.07842,0.22077,-330.43499,-149.47368,-61.89992,-333.97884,-141.83068,-58.33059,-328.08376,-157.86747,-64.68029,-0.64991,0.29742,-0.69940,-0.68355,0.26568,-0.67983
C,71,0.25670,0.05284,0.23503,-328.28537,-150.46902,-59.48893,-335.14762,-146.71950,-54.73865,-322.24946,-155.59600,-64.07112,-0.63598,0.29448,-0.71331,-0.68925,0.24088,-0.68331
T,72,0.22518,0.05778,0.24121,-325.89600,-151.04019,-57.16750,-333.66060,-151.76139,-52.38156,-318.29137,-151.91003,-62.18024,-0.70692,0.16898,-0.68681,-0.69286,0.21515,-0.68822
A,73,0.18628,0.07239,0.24058,-323.50166,-151.55899,-54.83890,-330.18621,-157.24561,-52.25172,-316.26717,-147.13320,-58.27244,-0.70838,0.15349,-0.68894,-0.68859,0.19500,-0.69844
C,74,0.16339,0.03911,0.23739,-321.11524,-152.14414,-52.51790,-325.01751,-160.34836,-53.60309,-316.20205,-144.42604,-52.59469,-0.70604,0.17312,-0.68669,-0.68228,0.18551,-0.70716
C,75,0.15341,0.03581,0.22615,-318.73965,-152.60802,-50.15872,-318.76545,-160.56403,-54.67710,-317.57586,-144.21739,-46.70077,-0.70284,0.13724,-0.69798,-0.68178,0.18001,-0.70906
A,76,0.12243,0.03727,0.21368,-316.45272,-152.92215,-47.68978,-312.81763,-157.79881,-54.52490,-319.24725,-146.81462,-41.47664,-0.67661,0.09294,-0.73046,-0.68891,0.16784,-0.70515
T,77,0.12129,0.05608,0.19862,-314.24794,-153.35282,-45.16433,-308.95162,-153.63351,-52.61984,-319.22562,-151.48882,-37.71700,-0.65230,0.12741,-0.74717,-0.69509,0.15908,-0.70110
A,78,0.12430,0.04112,0.18161,-312.05391,-153.83547,-42.63892,-307.27998,-148.80784,-48.60943,-317.25144,-157.44188,-36.02878,-0.64912,0.14280,-0.74716,-0.69814,0.15541,-0.69889
G,79,0.17177,0.05552,0.16501,-309.74131,-154.73942,-40.34564,-306.64623,-146.67123,-43.35219,-313.60519,-161.93377,-36.21936,-0.68420,0.26744,-0.67849,-0.70127,0.15172,-0.69656
A,80,0.18530,0.05101,0.14816,-307.36449,-155.33745,-38.01809,-308.56962,-146.28348,-37.48168,-307.29776,-164.46663,-37.41133,-0.70320,0.17693,-0.68863,-0.70104,0.14356,-0.69852
T,81,0.19557,0.06118,0.13398,-304.88205,-155.92772,-35.80146,-309.32366,-148.83167,-32.10923,-301.44477,-163.92852,-38.60983,-0.73445,0.17464,-0.65581,-0.69928,0.13443,-0.70210
G,82,0.20511,0.02999,0.12107,-302.39528,-156.31611,-33.54545,-309.48593,-153.68994,-28.39372,-295.81926,-160.44161,-38.38803,-0.73573,0.11491,-0.66746,-0.70151,0.12082,-0.70235
T,83,0.22040,0.08036,0.10662,-299.90124,-156.76829,-31.30945,-307.35251,-159.33569,-26.66170,-292.35282,-155.75656,-36.38017,-0.73788,0.13378,-0.66154,-0.70363,0.09986,-0.70351
A,84,0.22375,0.05681,0.09439,-297.41071,-157.16928,-29.05981,-303.02906,-164.14952,-27.20917,-291.06045,-151.22897,-31.90611,-0.73684,0.11864,-0.66557,-0.70159,0.07065,-0.70907
G,85,0.19607,0.09446,0.08709,-295.17956,-157.26142,-26.52251,-297.64100,-166.02503,-27.44713,-291.54388,-148.86609,-26.64383,-0.66010,0.02726,-0.75068,-0.69604,0.04061,-0.71686
T,86,0.18112,0.10234,0.08057,-292.90246,-157.32545,-24.02549,-291.47384,-165.26240,-28.34735,-293.21134,-148.80342,-20.70977,-0.67370,0.01895,-0.73876,-0.69139,0.01897,-0.72223
C,87,0.16165,0.05154,0.07426,-290.59453,-157.07911,-21.56843,-286.00752,-161.20559,-28.32461,-294.63024,-151.58321,-15.46739,-0.68282,-0.07288,-0.72694,-0.68854,0.00316,-0.72519
A,88,0.14022,0.03807,0.06786,-288.44111,-156.81714,-18.97641,-283.04461,-155.71931,-26.28305,-293.98140,-156.30689,-11.71285,-0.63711,-0.07751,-0.76687,-0.68074,-0.00779,-0.73248
C,89,0.13371,0.03038,0.06855,-286.26123,-156.50025,-16.41280,-282.96261,-150.70380,-22.67657,-290.38327,-161.01737,-9.60700,-0.64494,-0.09376,-0.75846,-0.66560,-0.01180,-0.74621
C,90,0.14751,0.05086,0.07255,-284.10728,-156.30366,-13.81545,-284.11706,-147.78680,-17.15873,-285.29244,-164.29536,-9.52097,-0.63726,-0.05816,-0.76845,-0.65544,-0.00499,-0.75523
G,91,0.17645,0.05645,0.07341,-281.67627,-156.23663,-11.46809,-284.97394,-147.70384,-11.29155,-279.47730,-165.06492,-10.49833,-0.71923,-0.01983,-0.69449,-0.65212,0.00534,-0.75810
T,92,0.20055,0.09208,0.07783,-279.27603,-156.21993,-9.08839,-285.58984,-150.52199,-5.71440,-273.76285,-163.05906,-11.64682,-0.71013,-0.00494,-0.70405,-0.64280,0.01950,-0.76578
T,93,0.20848,0.08442,0.08727,-277.17865,-156.33978,-6.44056,-285.41666,-155.56619,-2.53527,-269.18917,-158.70432,-10.22099,-0.62053,0.03546,-0.78338,-0.63319,0.03660,-0.77313
T,94,0.17049,0.06492,0.09799,-275.30187,-156.80321,-3.66795,-283.15866,-161.00534,-1.58771,-266.98442,-154.04674,-6.30165,-0.55526,0.13711,-0.82030,-0.62626,0.05919,-0.77737
C,95,0.14116,0.05606,0.10717,-273.17617,-157.29169,-1.08586,-277.78557,-165.18412,-1.50703,-267.52162,-150.12169,-1.66178,-0.62890,0.14452,-0.76393,-0.61849,0.08166,-0.78153
C,96,0.10965,0.03400,0.11453,-271.05202,-157.65446,1.51813,-271.52184,-166.09800,-1.97479,-269.32649,-149.02239,4.01301,-0.62845,0.10733,-0.77041,-0.61046,0.09304,-0.78656
G,97,0.04677,0.04684,0.11693,-269.24898,-158.06080,4.34804,-265.86521,-164.48852,-1.21515,-271.46672,-150.69565,9.30290,-0.53344,0.12022,-0.83725,-0.60023,0.10108,-0.79341
C,98,0.01688,0.02623,0.11791,-267.24012,-158.29460,7.05621,-261.45644,-159.48529,0.06723,-272.64898,-155.53945,13.90222,-0.59434,0.06917,-0.80124,-0.59423,0.11155,-0.79652
T,99,0.08188,0.05364,0.11659,-265.38105,-158.99995,9.78948,-259.21176,-155.76992,3.85473,-271.67814,-160.69421,16.20747,-0.55002,0.20868,-0.80866,-0.59906,0.11310,-0.79267
T,100,0.13125,0.01144,0.11419,-263.41018,-159.29327,12.51968,-260.04872,-151.89616,8.31280,-267.70919,-165.63886,17.51634,-0.58310,0.08678,-0.80775,-0.60968,0.10480,-0.78569
G,101,0.18396,0.03212,0.11078,-261.28436,-159.50958,15.13856,-262.13411,-150.48565,13.88916,-261.67482,-168.36446,17.40864,-0.62894,0.06400,-0.77482,-0.61649,0.09436,-0.78169
T,102,0.22934,0.04798,0.10703,-259.20476,-159.76127,17.79116,-264.01516,-152.19857,19.62966,-255.54848,-168.08796,16.78499,-0.61527,0.07446,-0.78479,-0.62760,0.07652,-0.77476
C,103,0.28048,0.05446,0.10828,-257.15733,-160.32492,20.42075,-264.73978,-157.04587,24.35380,-250.25767,-165.05076,16.70921,-0.60575,0.16676,-0.77799,-0.63750,0.05936,-0.76816
T,104,0.29863,0.05209,0.11319,-254.91123,-160.44750,22.94353,-262.90588,-161.69826,27.21385,-246.88465,-160.80796,18.56649,-0.66453,0.03627,-0.74638,-0.64522,0.03754,-0.76308
C,105,0.32352,0.12308,0.11976,-252.46922,-160.71197,25.26539,-258.61111,-166.92240,27.98978,-245.67190,-155.72319,21.71250,-0.72249,0.07825,-0.68694,-0.65945,0.01493,-0.75160
T,106,0.33541,0.05209,0.12612,-250.24392,-160.58863,27.80650,-253.32129,-169.19818,28.15266,-246.02387,-152.57806,26.48874,-0.65838,-0.03649,-0.75180,-0.67390,-0.00216,-0.73882
C,107,0.32281,0.07543,0.13718,-247.84632,-160.27313,30.16794,-246.61180,-168.79546,27.07595,-248.01359,-151.33599,32.12091,-0.70935,-0.09334,-0.69865,-0.68386,-0.02283,-0.72925
T,108,0.34827,0.04273,0.14971,-245.80510,-160.07082,32.85436,-241.53740,-166.09367,27.44822,-249.17633,-152.94318,37.49614,-0.60391,-0.05986,-0.79480,-0.68871,-0.04961,-0.72333
T,109,0.32955,0.03800,0.16556,-243.46019,-159.74595,35.26688,-238.48787,-160.97262,27.68494,-248.30061,-156.94594,42.50876,-0.69376,-0.09611,-0.71376,-0.69417,-0.07938,-0.71542
G,110,0.32987,0.05354,0.18458,-240.99652,-159.55085,37.57267,-237.29577,-155.53792,30.22996,-245.18225,-162.07399,45.30752,-0.72890,-0.05772,-0.68219,-0.69797,-0.10987,-0.70765
A,111,0.29901,0.02882,0.20292,-238.42439,-159.10669,39.72006,-238.32832,-151.42971,34.74319,-239.49139,-165.95836,45.68921,-0.76098,-0.13141,-0.63532,-0.70165,-0.13647,-0.69933
A,112,0.28431,0.07842,0.22077,-236.14847,-158.63113,42.17331,-239.62858,-150.26348,40.91405,-233.83087,-167.15942,44.54218,-0.67335,-0.14070,-0.72581,-0.70616,-0.15547,-0.69077
C,113,0.25670,0.05284,0.23503,-233.91818,-158.12027,44.66113,-240.65286,-152.26157,46.66967,-227.99524,-165.01164,43.59234,-0.65985,-0.15114,-0.73604,-0.71181,-0.17784,-0.67949
T,114,0.22518,0.05778,0.24121,-231.45381,-157.31254,46.82880,-239.06029,-155.11481,51.41420,-224.00399,-160.95013,42.95805,-0.72911,-0.23897,-0.64132,-0.71540,-0.20181,-0.66893
A,115,0.18628,0.07239,0.24058,-228.98458,-156.45757,48.97272,-235.54806,-159.61334,54.51135,-221.88973,-154.82694,43.43029,-0.73054,-0.25295,-0.63429,-0.71132,-0.22427,-0.66613
C,116,0.16339,0.03911,0.23739,-226.52309,-155.66159,51.14801,-230.40408,-163.00096,54.99328,-221.66484,-149.39115,46.58803,-0.72825,-0.23550,-0.64358,-0.70523,-0.23710,-0.66816
C,117,0.15341,0.03581,0.22615,-224.07201,-154.74380,53.28676,-224.18736,-163.86121,54.04432,-222.85520,-145.87923,51.37537,-0.72517,-0.27154,-0.63277,-0.70475,-0.24272,-0.66664
A,118,0.12243,0.03727,0.21368,-221.70709,-153.63937,55.43426,-218.25574,-161.56469,52.43559,-224.34572,-145.05849,57.20079,-0.69968,-0.32675,-0.63536,-0.71167,-0.25048,-0.65634
T,119,0.12129,0.05608,0.19862,-219.42175,-152.59832,57.69653,-214.35919,-157.09820,51.54543,-224.17636,-146.79940,62.93874,-0.67613,-0.30800,-0.66931,-0.71767,-0.25535,-0.64788
A,120,0.12430,0.04112,0.18161,-217.14683,-151.60010,59.98840,-212.59441,-150.87251,52.08519,-222.11185,-150.78817,67.63064,-0.67306,-0.29533,-0.67807,-0.72062,-0.25710,-0.64390
G,121,0.17177,0.05552,0.16501,-214.75791,-151.08212,62.32274,-211.81063,-146.15195,55.20084,-218.44430,-154.64994,69.89873,-0.70678,-0.15325,-0.69063,-0.72365,-0.25880,-0.63980
A,122,0.18530,0.05101,0.14816,-212.30572,-150.29296,64.51099,-213.55218,-142.49858,59.88406,-212.16089,-157.49102,70.15736,-0.72550,-0.23348,-0.64741,-0.72344,-0.26665,-0.63682
T,123,0.19557,0.06118,0.13398,-209.75147,-149.56123,66.60020,-214.12151,-141.56498,65.77722,-206.35180,-157.79406,68.69238,-0.75569,-0.21649,-0.61811,-0.72172,-0.27622,-0.63468
G,124,0.20511,0.02999,0.12107,-207.19299,-148.64062,68.60794,-214.13614,-143.48052,71.58796,-200.74483,-154.85834,66.74365,-0.75695,-0.27237,-0.59401,-0.72387,-0.28758,-0.62714
T,125,0.22040,0.08036,0.10662,-204.62745,-147.78406,70.63493,-211.91310,-147.19276,76.13804,-197.24781,-149.89975,65.65705,-0.75904,-0.25342,-0.59970,-0.72589,-0.30552,-0.61623
A,126,0.22375,0.05681,0.09439,-202.06531,-146.87750,72.64441,-207.57774,-151.52990,78.27316,-195.84571,-143.65420,66.75872,-0.75803,-0.26821,-0.59452,-0.72384,-0.33280,-0.60441
G,127,0.19607,0.09446,0.08709,-199.75545,-145.55052,74.72481,-202.18769,-153.27901,78.97559,-196.17983,-138.73023,69.78384,-0.68339,-0.39260,-0.61550,-0.71834,-0.36206,-0.59406
T,128,0.18112,0.10234,0.08057,-197.40109,-144.22360,76.75476,-196.05674,-153.23232,77.62096,-197.66149,-135.31264,74.69528,-0.69655,-0.39258,-0.60058,-0.71372,-0.38302,-0.58643
C,129,0.16165,0.05154,0.07426,-195.01918,-142.66326,78.57582,-190.61879,-149.93622,75.19128,-198.89789,-134.63548,80.63125,-0.70471,-0.46164,-0.53877,-0.71087,-0.39778,-0.58004
A,130,0.14022,0.03807,0.06786,-192.78760,-141.01204,80.50400,-187.62918,-144.29077,73.69553,-198.10149,-136.42781,86.37443,-0.66023,-0.48853,-0.57047,-0.70323,-0.41103,-0.58011
C,131,0.13371,0.03038,0.06855,-190.53080,-139.33181,82.37699,-187.46709,-138.11654,73.84169,-194.40887,-139.17488,90.66255,-0.66769,-0.49711,-0.55414,-0.68850,-0.42227,-0.58963
C,132,0.14751,0.05086,0.07255,-188.29809,-137.73158,84.34642,-188.46751,-132.58264,76.78506,-189.29669,-141.89591,92.43194,-0.66057,-0.47344,-0.58267,-0.67866,-0.42185,-0.60121
G,133,0.17645,0.05645,0.07341,-185.79543,-136.38269,86.17442,-189.14123,-129.19594,81.60597,-183.51005,-143.15375,91.88793,-0.74043,-0.39908,-0.54083,-0.67550,-0.41498,-0.60950
T,134,0.20055,0.09208,0.07783,-183.32218,-135.05674,88.05839,-189.56433,-128.37157,87.81623,-177.84738,-142.21477,89.64071,-0.73173,-0.39229,-0.55739,-0.66652,-0.40773,-0.62410
T,135,0.20848,0.08442,0.08727,-181.14239,-133.68870,90.24958,-189.25923,-130.74717,93.27922,-173.25973,-137.87067,88.22737,-0.64491,-0.40475,-0.64828,-0.65726,-0.39787,-0.64009
T,136,0.17049,0.06492,0.09799,-179.17695,-132.53134,92.74398,-186.93752,-134.73257,97.06169,-170.96387,-131.84168,88.77105,-0.58149,-0.34241,-0.73799,-0.65060,-0.38169,-0.65653
C,137,0.14116,0.05606,0.10717,-176.96852,-131.50514,95.08793,-181.53755,-138.20401,99.32627,-171.38132,-125.97783,90.40321,-0.65338,-0.30361,-0.69348,-0.64312,-0.36558,-0.67287
C,138,0.10965,0.03400,0.11453,-174.76176,-130.36275,97.37912,-175.28570,-139.29923,99.27103,-173.01514,-121.84862,94.52019,-0.65289,-0.33798,-0.67787,-0.63532,-0.35911,-0.68367
G,139,0.04677,0.04684,0.11693,-172.86861,-129.12504,99.89079,-169.61866,-137.61115,98.82388,-174.97819,-120.22200,99.89270,-0.56010,-0.36619,-0.74310,-0.62536,-0.35646,-0.69416
C,140,0.01688,0.02623,0.11791,-170.77466,-127.81600,102.19864,-165.20452,-132.81035,96.93135,-175.98478,-121.61483,106.45477,-0.61951,-0.38729,-0.68280,-0.61953,-0.34963,-0.70281
T,141,0.08188,0.05364,0.11659,-168.82659,-126.88039,104.79750,-162.86675,-127.63430,97.89630,-174.90902,-124.58417,111.23535,-0.57635,-0.27681,-0.76889,-0.62425,-0.34613,-0.70036
T,142,0.13125,0.01144,0.11419,-166.76953,-125.60762,107.15822,-163.58915,-121.91163,99.41617,-170.86914,-127.97847,114.98680,-0.60860,-0.37656,-0.69844,-0.63459,-0.34892,-0.68961
G,143,0.18396,0.03212,0.11078,-164.56160,-124.33590,109.37906,-165.50844,-117.57746,103.28469,-164.82354,-130.36411,116.25704,-0.65324,-0.37625,-0.65705,-0.64120,-0.35520,-0.68021
T,144,0.22934,0.04798,0.10703,-162.39856,-123.07383,111.64905,-167.19812,-115.73274,109.04385,-158.72159,-130.56248,115.40598,-0.63995,-0.37339,-0.67159,-0.65198,-0.36589,-0.66411
C,145,0.28048,0.05446,0.10828,-160.26639,-122.08196,114.07689,-167.74338,-117.06370,115.69742,-153.45553,-128.16181,113.47507,-0.63082,-0.29345,-0.71830,-0.66155,-0.37622,-0.64870
T,146,0.29863,0.05209,0.11319,-157.94183,-120.78849,116.16203,-165.79092,-119.31597,120.62723,-150.05372,-123.65219,112.51630,-0.68774,-0.38268,-0.61690,-0.66897,-0.39128,-0.63197
C,147,0.32352,0.12308,0.11976,-155.42683,-119.72787,118.15557,-161.44022,-123.24553,124.08682,-148.77629,-117.69423,112.21006,-0.74408,-0.31379,-0.58981,-0.68268,-0.40331,-0.60933
T,148,0.33541,0.05209,0.12612,-153.12408,-118.22072,120.11778,-156.13326,-125.09801,125.34867,-148.99927,-112.39986,114.38908,-0.68129,-0.44590,-0.58053,-0.69662,-0.41004,-0.58871
C,149,0.32281,0.07543,0.13718,-150.65599,-116.65828,121.81828,-149.46342,-125.45470,124.03533,-150.82011,-108.17451,118.39582,-0.73020,-0.46226,-0.50311,-0.70615,-0.42159,-0.56887
T,150,0.34827,0.04273,0.14971,-148.53320,-115.00173,123.86132,-144.39749,-123.07579,122.66971,-151.80394,-106.45720,123.77273,-0.62804,-0.49010,-0.60445,-0.71064,-0.44031,-0.54874
T,151,0.32955,0.03800,0.16556,-146.11623,-113.40211,125.60025,-141.37532,-118.75052,119.88774,-150.74613,-106.94770,130.14107,-0.71508,-0.47326,-0.51448,-0.71565,-0.46037,-0.52527
G,152,0.32987,0.05354,0.18458,-143.58306,-111.97128,127.32076,-140.13957,-112.84212,118.88877,-147.50870,-109.64309,135.25067,-0.74946,-0.42332,-0.50903,-0.71901,-0.48112,-0.50155
A,153,0.29901,0.02882,0.20292,-140.94804,-110.42540,128.76691,-141.05725,-106.89233,120.32772,-141.78363,-112.70558,137.58831,-0.77959,-0.45736,-0.42785,-0.72226,-0.49835,-0.47957
A,154,0.28431,0.07842,0.22077,-138.59973,-108.67752,130.45652,-142.17165,-102.43437,124.80153,-136.15403,-114.41353,137.15213,-0.69477,-0.51712,-0.49988,-0.72637,-0.50916,-0.46167
C,155,0.25670,0.05284,0.23503,-136.29619,-106.88044,132.15610,-143.00268,-100.82714,130.70872,-130.36496,-113.24682,134.98528,-0.68152,-0.53168,-0.50283,-0.73152,-0.52121,-0.43957
T,156,0.22518,0.05778,0.24121,-133.77059,-105.02154,133.41716,-141.24422,-100.52822,136.18652,-126.42189,-110.29916,132.05411,-0.74722,-0.54997,-0.37309,-0.73463,-0.53501,-0.41724
A,157,0.18628,0.07239,0.24058,-131.24120,-103.13709,134.63183,-137.60787,-102.54034,141.17583,-124.33365,-105.00205,128.92901,-0.74834,-0.55753,-0.35937,-0.73031,-0.55203,-0.40238
C,158,0.16339,0.03911,0.23739,-128.71818,-101.28358,135.90589,-132.42949,-105.12937,143.33223,-124.04548,-98.73546,128.46361,-0.74646,-0.54838,-0.37694,-0.72420,-0.56384,-0.39700
C,159,0.15341,0.03581,0.22615,-126.20748,-99.34993,137.08141,-126.24000,-106.45103,142.85097,-125.10847,-93.12164,130.46967,-0.74281,-0.57208,-0.34779,-0.72364,-0.56764,-0.39259
A,160,0.12243,0.03727,0.21368,-123.78385,-97.25617,138.16146,-120.37654,-105.53412,140.05361,-126.42159,-89.14142,134.85878,-0.71705,-0.61946,-0.31954,-0.73019,-0.56815,-0.37952
T,161,0.12129,0.05608,0.19862,-121.43576,-95.14906,139.37431,-116.53873,-102.39509,136.68570,-126.06180,-87.34639,140.57121,-0.69470,-0.62340,-0.35883,-0.73588,-0.56733,-0.36961
A,162,0.12430,0.04112,0.18161,-119.09687,-93.06051,140.63604,-114.79836,-96.97097,133.56882,-123.82592,-88.02071,146.63196,-0.69198,-0.61791,-0.37329,-0.73870,-0.56649,-0.36525
G,163,0.17177,0.05552,0.16501,-116.63961,-91.34602,142.20026,-113.94826,-91.32563,133.45551,-120.06435,-89.97625,150.57340,-0.72700,-0.50725,-0.46279,-0.74159,-0.56555,-0.36082
A,164,0.18530,0.05101,0.14816,-114.12544,-89.49072,143.48913,-115.56633,-85.64694,135.31211,-113.75764,-92.25379,152.20375,-0.74384,-0.54891,-0.38132,-0.74123,-0.57035,-0.35394
T,165,0.19557,0.06118,0.13398,-111.51198,-87.73992,144.72564,-115.95734,-81.54662,139.66636,-107.99531,-93.40118,150.99443,-0.77321,-0.51799,-0.36583,-0.73939,-0.57707,-0.34683
G,166,0.20511,0.02999,0.12107,-108.89805,-85.87912,145.78828,-115.77804,-79.85252,145.54276,-102.47109,-92.14410,147.56559,-0.77335,-0.55053,-0.31439,-0.74123,-0.58218,-0.33414
T,167,0.22040,0.08036,0.10662,-106.27605,-84.06046,146.90272,-113.38993,-80.38037,151.32586,-99.04195,-88.70452,143.76984,-0.77574,-0.53807,-0.32972,-0.74279,-0.59082,-0.31495
A,168,0.22375,0.05681,0.09439,-103.65833,-82.21033,147.97461,-108.96197,-82.81165,155.40592,-97.64663,-82.94276,141.11622,-0.77447,-0.54738,-0.31713,-0.74019,-0.60670,-0.28988
G,169,0.19607,0.09446,0.08709,-101.29326,-79.96992,148.87541,-103.54139,-83.92623,156.81317,-97.91802,-77.16677,140.84642,-0.69972,-0.66284,-0.26651,-0.73418,-0.62511,-0.26500
T,170,0.18112,0.10234,0.08057,-98.88530,-77.75855,149.73330,-97.45617,-84.72653,155.48823,-99.26767,-71.55732,143.01667,-0.71241,-0.65425,-0.25381,-0.72919,-0.63817,-0.24702
C,171,0.16165,0.05154,0.07426,-96.45784,-75.47252,150.28634,-92.11825,-83.44090,151.46423,-100.32242,-67.63646,147.57050,-0.71818,-0.67634,-0.16362,-0.72604,-0.64679,-0.23351
A,172,0.14022,0.03807,0.06786,-94.17786,-73.04919,150.88099,-89.21349,-79.65851,146.95844,-99.33540,-65.88865,153.29778,-0.67455,-0.71696,-0.17593,-0.71832,-0.65787,-0.22632
C,173,0.13371,0.03038,0.06855,-91.87461,-70.63333,151.41298,-89.08694,-74.47913,143.59292,-95.49291,-65.78511,158.27717,-0.68144,-0.71475,-0.15739,-0.70383,-0.67269,-0.22827
C,174,0.14751,0.05086,0.07255,-89.59189,-68.22887,152.07039,-90.03079,-68.23736,142.93136,-90.31042,-67.09744,161.12125,-0.67536,-0.71138,-0.19450,-0.69436,-0.67900,-0.23836
G,175,0.17645,0.05645,0.07341,-87.04215,-66.11503,152.74484,-90.57554,-62.71436,145.02052,-84.53556,-68.51386,161.21107,-0.75436,-0.62540,-0.19954,-0.69151,-0.67803,-0.24917
T,176,0.20055,0.09208,0.07783,-84.51991,-63.98822,153.47928,-90.80979,-58.52727,149.69378,-78.95206,-69.07473,158.66011,-0.74622,-0.62923,-0.21729,-0.68303,-0.68039,-0.26557
T,177,0.20848,0.08442,0.08727,-82.28165,-61.64984,154.45220,-90.31880,-57.41307,155.53315,-74.43906,-66.34021,154.90905,-0.66221,-0.69183,-0.28785,-0.67434,-0.68138,-0.28459
T,178,0.17049,0.06492,0.09799,-80.24680,-59.31190,155.80047,-87.85428,-58.60047,160.83382,-72.16647,-61.08283,151.89067,-0.60203,-0.69170,-0.39890,-0.66831,-0.67736,-0.30748
C,179,0.14116,0.05606,0.10717,-77.97293,-57.17006,157.09137,-82.36382,-60.25687,164.50124,-72.57074,-55.31492,149.94370,-0.67274,-0.63368,-0.38192,-0.66144,-0.67336,-0.33027
C,180,0.10965,0.03400,0.11453,-75.70313,-54.96200,158.27327,-76.10977,-61.26916,164.88907,-74.10190,-49.56380,151.06147,-0.67154,-0.65327,-0.34967,-0.65403,-0.67420,-0.34307
G,181,0.04677,0.04684,0.11693,-73.74051,-52.54708,159.59262,-70.47053,-60.19664,163.40129,-75.90669,-45.16758,154.63629,-0.58066,-0.71447,-0.39034,-0.64442,-0.67805,-0.35352
C,182,0.01688,0.02623,0.11791,-71.58403,-50.19061,160.69762,-66.14887,-57.35298,159.00232,-76.69876,-42.60607,160.86728,-0.63801,-0.69718,-0.32692,-0.63890,-0.67736,-0.36467
T,183,0.08188,0.05364,0.11659,-69.56184,-47.97669,162.25766,-63.81571,-52.56301,156.81135,-75.45497,-42.37638,166.45552,-0.59828,-0.65500,-0.46155,-0.64357,-0.67303,-0.36449
T,184,0.13125,0.01144,0.11419,-67.44034,-45.61992,163.42783,-64.52737,-46.97125,154.86027,-71.27796,-43.11417,171.34669,-0.62766,-0.69727,-0.34620,-0.65354,-0.66914,-0.35374
G,185,0.18396,0.03212,0.11078,-65.17241,-43.34473,164.47870,-66.35295,-41.18744,155.66582,-65.18029,-44.44236,173.56219,-0.67099,-0.67313,-0.31091,-0.65982,-0.66895,-0.34225
T,186,0.22934,0.04798,0.10703,-62.94775,-41.04924,165.57690,-67.87384,-36.39648,159.42873,-59.10674,-45.16079,172.79191,-0.65818,-0.67914,-0.32491,-0.67002,-0.66858,-0.32261
C,187,0.28048,0.05446,0.10828,-60.74725,-38.88753,166.95865,-68.20235,-33.73794,165.68677,-53.91924,-44.33135,169.68951,-0.65103,-0.63956,-0.40880,-0.67904,-0.66830,-0.30378
T,188,0.29863,0.05209,0.11319,-58.36714,-36.67231,167.88181,-66.08230,-32.84268,170.96803,-50.57835,-41.18932,166.25523,-0.70418,-0.65539,-0.27313,-0.68583,-0.67121,-0.28126
C,189,0.32352,0.12308,0.11976,-55.79802,-34.70335,168.85508,-61.60028,-34.19086,175.91097,-49.34976,-36.45727,162.60541,-0.76009,-0.58253,-0.28795,-0.69875,-0.66822,-0.25539
T,190,0.33541,0.05209,0.12612,-53.44492,-32.38070,169.55694,-56.24459,-35.07442,177.84068,-49.53890,-30.85374,161.42516,-0.69618,-0.68718,-0.20765,-0.71200,-0.66198,-0.23417
C,191,0.32281,0.07543,0.13718,-50.93510,-30.16195,170.00677,-49.61686,-36.19118,176.76140,-51.26105,-25.08309,162.40326,-0.74255,-0.65644,-0.13308,-0.72082,-0.66022,-0.21100
T,192,0.34827,0.04273,0.14971,-48.76032,-27.66813,170.69641,-44.61158,-35.05857,174.14373,-52.08755,-20.62150,165.90173,-0.64343,-0.73782,-0.20404,-0.72456,-0.66428,-0.18370
T,193,0.32955,0.03800,0.16556,-46.30063,-25.39639,171.15850,-41.70589,-33.09198,169.31979,-50.82818,-17.44932,171.40324,-0.72772,-0.67211,-0.13671,-0.72871,-0.66754,-0.15287
G,194,0.32987,0.05354,0.18458,-43.72428,-23.27585,171.69713,-40.54028,-28.79087,165.12741,-47.41532,-16.83441,177.04490,-0.76223,-0.62738,-0.15936,-0.73119,-0.67127,-0.12149
A,195,0.29901,0.02882,0.20292,-41.05546,-21.21621,171.94144,-41.45113,-23.05478,162.98725,-41.60029,-18.11589,180.53246,-0.78959,-0.60936,-0.07228,-0.73364,-0.67307,-0.09354
A,196,0.28431,0.07842,0.22077,-38.66690,-18.84899,172.28124,-42.45412,-16.83736,164.19887,-35.97610,-19.84132,180.96971,-0.70667,-0.70036,-0.10053,-0.73712,-0.67186,-0.07255
C,197,0.25670,0.05284,0.23503,-36.32309,-16.43497,172.60285,-43.11063,-12.16960,168.19258,-30.26523,-20.17037,178.35295,-0.69344,-0.71421,-0.09515,-0.74149,-0.66928,-0.04737
T,198,0.22518,0.05778,0.24121,-33.77144,-14.21984,172.52112,-41.18389,-8.85614,172.49333,-26.43484,-19.43688,174.15553,-0.75493,-0.65536,0.02418,-0.74382,-0.66805,-0.02106
A,199,0.18628,0.07239,0.24058,-31.21761,-12.00980,172.38660,-37.38050,-7.74966,177.63870,-24.47962,-16.84969,168.52792,-0.75557,-0.65386,0.03980,-0.73893,-0.67378,0.00067
C,200,0.16339,0.03911,0.23739,-28.66809,-9.79175,172.31872,-32.12062,-8.73560,180.72581,-24.24677,-11.94035,164.60186,-0.75430,-0.65623,0.02008,-0.73258,-0.68058,0.01159
C,201,0.15341,0.03581,0.22615,-26.13450,-7.56293,172.12469,-25.94074,-10.17429,180.89154,-25.28294,-6.16022,163.12348,-0.74958,-0.65941,0.05741,-0.73186,-0.68124,0.01735
A,202,0.12243,0.03727,0.21368,-23.69193,-5.25462,171.76414,-20.17358,-11.06601,177.89305,-26.48410,-0.38265,164.54042,-0.72265,-0.68293,0.10667,-0.73799,-0.67421,0.02863
T,203,0.12129,0.05608,0.19862,-21.32082,-2.85951,171.50790,-16.46328,-10.41940,173.23037,-25.95770,4.31580,168.23242,-0.70151,-0.70861,0.07581,-0.74338,-0.66788,0.03651
A,204,0.12430,0.04112,0.18161,-18.95725,-0.45205,171.30275,-14.85632,-7.71842,167.54818,-23.52928,7.14830,173.54902,-0.69928,-0.71227,0.06070,-0.74606,-0.66469,0.03972
G,205,0.17177,0.05552,0.16501,-16.46350,1.81558,171.55467,-14.04679,-3.13054,164.24646,-19.63383,7.70923,177.79393,-0.73780,-0.67090,-0.07453,-0.74882,-0.66138,0.04293
A,206,0.18530,0.05101,0.14816,-13.92237,4.04356,171.49827,-15.64286,2.62572,162.62448,-13.26463,6.67013,180.23801,-0.75181,-0.65917,0.01669,-0.74821,-0.66147,0.05130
T,207,0.19557,0.06118,0.13398,-11.28297,6.15449,171.45465,-15.92425,8.47150,163.91778,-7.53557,4.97014,179.71715,-0.78089,-0.62454,0.01290,-0.74610,-0.66304,0.06091
G,208,0.20511,0.02999,0.12107,-8.64924,8.25825,171.20549,-15.57247,13.18126,167.80734,-2.12942,4.00752,176.01566,-0.77921,-0.62241,0.07372,-0.74751,-0.66008,0.07431
T,209,0.22040,0.08036,0.10662,-6.00556,10.35632,171.02261,-13.00152,15.97633,172.80770,1.15712,4.66614,170.84243,-0.78215,-0.62073,0.05411,-0.74842,-0.65637,0.09506
A,210,0.22375,0.05681,0.09439,-3.36768,12.45644,170.78699,-8.43260,16.21435,177.41566,2.43148,7.91136,165.36237,-0.78044,-0.62134,0.06971,-0.74493,-0.65539,0.12464
G,211,0.19607,0.09446,0.08709,-0.99020,14.78551,170.19754,-2.96359,16.02077,179.04595,2.11435,12.53267,161.89085,-0.70340,-0.68907,0.17439,-0.73803,-0.65663,0.15538
T,212,0.18112,0.10234,0.08057,1.42899,17.06588,169.58778,3.08234,14.53827,178.22445,0.79681,18.40527,160.55889,-0.71574,-0.67467,0.18040,-0.73240,-0.65735,0.17743
C,213,0.16165,0.05154,0.07426,3.85767,19.23582,168.68375,8.28350,13.26598,174.02113,-0.14058,24.22350,162.13764,-0.71854,-0.64199,0.26747,-0.72877,-0.65689,0.19336
A,214,0.14022,0.03807,0.06786,6.13935,21.54439,167.74098,11.02152,13.81386,168.08402,1.01350,28.88364,165.85005,-0.67505,-0.68301,0.27893,-0.72076,-0.66208,0.20531
C,215,0.13371,0.03038,0.06855,8.44239,23.81120,166.75002,11.00930,16.19234,162.38214,5.00890,31.72921,169.78823,-0.68137,-0.67065,0.29318,-0.70624,-0.67561,0.21163
C,216,0.14751,0.05086,0.07255,10.72889,26.13954,165.86962,10.00480,20.98570,158.34446,10.28610,32.18527,172.72291,-0.67648,-0.68886,0.26047,-0.69705,-0.68662,0.20658
G,217,0.17645,0.05645,0.07341,13.28470,28.23422,165.15927,9.48978,26.73132,156.97060,16.07001,30.99534,173.42564,-0.75616,-0.61973,0.21016,-0.69454,-0.69194,0.19703
T,218,0.20055,0.09208,0.07783,15.81480,30.37377,164.49194,9.37448,32.82668,158.47365,21.57462,29.02556,171.47201,-0.74855,-0.63300,0.19743,-0.68657,-0.70324,0.18457
T,219,0.20848,0.08442,0.08727,18.06716,32.82596,163.91051,10.04039,37.03283,162.65045,25.95043,29.11382,166.70129,-0.66638,-0.72550,0.17202,-0.67847,-0.71489,0.16917
T,220,0.17049,0.06492,0.09799,20.12792,35.49189,163.64512,12.67692,39.01031,167.62228,28.09349,31.72610,161.17874,-0.60969,-0.78874,0.07852,-0.67318,-0.72455,0.14784
C,221,0.14116,0.05606,0.10717,22.42708,37.96060,163.43590,18.28989,39.64260,171.42145,27.59122,35.39685,156.33144,-0.68022,-0.73039,0.06190,-0.66706,-0.73418,0.12657
C,222,0.10965,0.03400,0.11453,24.71832,40.42260,163.09950,24.55943,38.94856,172.12814,26.05846,40.79532,154.05629,-0.67788,-0.72840,0.09953,-0.66004,-0.74218,0.11626
G,223,0.04677,0.04684,0.11693,26.70549,43.13669,162.76895,30.14237,38.92640,170.12937,24.33776,46.46340,154.58107,-0.58792,-0.80298,0.09780,-0.65074,-0.75136,0.10953
C,224,0.01688,0.02623,0.11791,28.88012,45.67929,162.28873,34.30599,38.74188,164.76800,23.72411,52.10132,158.30280,-0.64338,-0.75225,0.14208,-0.64558,-0.75715,0.09977
T,225,0.08188,0.05364,0.11659,30.93565,48.36233,162.26842,36.53847,41.43387,160.19012,25.14034,55.42618,162.74890,-0.60815,-0.79380,0.00601,-0.65026,-0.75341,0.09762
T,226,0.13125,0.01144,0.11419,33.07734,50.94235,161.84286,35.72997,44.96059,155.44781,29.47278,57.52312,167.07881,-0.63363,-0.76332,0.12591,-0.65992,-0.74402,0.10459
G,227,0.18396,0.03212,0.11078,35.36220,53.38595,161.36052,33.89299,50.21366,152.90519,35.64516,57.60047,169.47669,-0.67599,-0.72296,0.14270,-0.66584,-0.73731,0.11415
T,228,0.22934,0.04798,0.10703,37.60514,55.87351,160.90707,32.45935,56.31029,153.35428,41.69622,56.49843,169.06716,-0.66359,-0.73597,0.13416,-0.67542,-0.72580,0.13045
C,229,0.28048,0.05446,0.10828,39.83367,58.41075,160.76379,32.30924,62.03790,157.02998,46.77879,55.37081,165.88614,-0.65933,-0.75066,0.04239,-0.68385,-0.71485,0.14610
T,230,0.29863,0.05209,0.11319,42.22704,60.73144,160.20655,34.58738,65.72862,160.82162,49.99035,55.98857,161.18162,-0.70810,-0.68660,0.16486,-0.68991,-0.70448,0.16653
C,231,0.32352,0.12308,0.11976,44.81249,62.87468,159.82396,39.23026,67.34690,165.52944,51.07362,57.82384,155.46486,-0.76493,-0.63409,0.11319,-0.70204,-0.68726,0.18657
T,232,0.33541,0.05209,0.12612,47.17126,65.15967,159.02430,44.64923,67.63944,167.46259,50.81139,61.78843,151.33674,-0.69786,-0.67603,0.23659,-0.71466,-0.66998,0.20096
C,233,0.32281,0.07543,0.13718,49.67946,67.21484,158.07059,51.24711,66.02745,167.00631,49.08325,67.12664,148.94090,-0.74207,-0.60804,0.28216,-0.72277,-0.65536,0.21935
T,234,0.34827,0.04273,0.14971,51.85851,69.63648,157.16958,56.16073,65.42570,164.05977,48.33752,72.79367,149.33700,-0.64469,-0.71646,0.26657,-0.72562,-0.64327,0.24428
T,235,0.32955,0.03800,0.16556,54.31665,71.74294,156.19758,58.90151,64.29463,158.88390,49.74752,78.49949,152.05192,-0.72726,-0.62321,0.28757,-0.72879,-0.62853,0.27169
G,236,0.32987,0.05354,0.18458,56.89477,73.76625,155.37058,59.90769,65.46889,152.96420,53.33089,82.14601,156.26101,-0.76276,-0.59861,0.24467,-0.73026,-0.61389,0.29976
A,237,0.29901,0.02882,0.20292,59.55651,75.57221,154.33229,58.89327,69.01066,147.99031,59.26020,82.98256,159.69077,-0.78750,-0.53431,0.30719,-0.73182,-0.59959,0.32392
A,238,0.28431,0.07842,0.22077,61.93912,77.68944,153.20762,57.88833,74.84066,145.51412,64.90637,81.73515,160.85891,-0.70491,-0.62640,0.33274,-0.73465,-0.58671,0.34066
C,239,0.25670,0.05284,0.23503,64.27613,79.83563,152.04287,57.32664,80.95506,146.19771,70.53474,79.91816,158.71652,-0.69142,-0.63497,0.34460,-0.73826,-0.57034,0.36012
T,240,0.22518,0.05778,0.24121,66.80957,81.58763,150.65125,59.36524,86.09244,147.82226,74.22731,78.11060,154.72580,-0.74954,-0.51834,0.41172,-0.73976,-0.55446,0.38121
A,241,0.18628,0.07239,0.24058,69.34357,83.30563,149.21886,63.32025,89.86035,151.33307,75.98898,77.05063,148.56467,-0.74970,-0.50828,0.42378,-0.73417,-0.54700,0.40223
C,242,0.16339,0.03911,0.23739,71.87529,85.06787,147.83709,68.68028,90.72200,154.28203,76.06725,78.88878,142.54929,-0.74903,-0.52137,0.40881,-0.72743,-0.54654,0.41490
C,243,0.15341,0.03581,0.22615,74.38708,86.76808,146.34559,74.87152,89.55153,155.04802,74.94795,82.84154,138.10046,-0.74313,-0.50302,0.44127,-0.72652,-0.54384,0.42000
A,244,0.12243,0.03727,0.21368,76.80218,88.44118,144.67453,80.54786,87.05396,152.90618,73.75420,88.42647,136.04759,-0.71453,-0.49500,0.49440,-0.73235,-0.53160,0.42552
T,245,0.12129,0.05608,0.19862,79.14855,90.24565,143.04271,84.10643,84.91382,148.58398,74.36520,94.38163,136.43002,-0.69419,-0.53387,0.48279,-0.73753,-0.52186,0.42861
A,246,0.12430,0.04112,0.18161,81.48890,92.08920,141.44632,85.51757,83.92133,142.32390,76.94009,99.68835,139.14941,-0.69241,-0.54543,0.47231,-0.74013,-0.51739,0.42954
G,247,0.17177,0.05552,0.16501,83.97455,94.07336,140.30218,86.19381,85.83891,136.98809,80.96251,102.49694,142.22193,-0.73540,-0.58703,0.33850,-0.74281,-0.51282,0.43041
A,248,0.18530,0.05101,0.14816,86.49818,95.85038,138.92453,84.51057,89.69786,132.45070,87.41154,102.93858,144.63747,-0.74663,-0.52574,0.40759,-0.74194,-0.50818,0.43735
T,249,0.19557,0.06118,0.13398,89.12119,97.53674,137.62053,84.23183,95.25815,130.23022,93.13245,101.17076,144.99740,-0.77604,-0.49892,0.38580,-0.73952,-0.50408,0.44610
G,250,0.20511,0.02999,0.12107,91.73215,99.10136,136.15110,84.67439,101.33615,130.77448,98.42646,98.22274,142.32595,-0.77247,-0.46291,0.43474,-0.74053,-0.49406,0.45554
T,251,0.22040,0.08036,0.10662,94.35518,100.69853,134.73929,87.38210,106.43194,133.24978,101.54547,95.80990,137.58807,-0.77604,-0.47253,0.41770,-0.74082,-0.47929,0.47060
A,252,0.22375,0.05681,0.09439,96.97073,102.26772,133.28297,92.09109,109.17027,136.78417,102.62696,95.38489,131.19775,-0.77383,-0.46426,0.43086,-0.73641,-0.46185,0.49436
G,253,0.19607,0.09446,0.08709,99.31349,103.82972,131.41319,97.60949,109.86243,138.07781,102.17160,97.24817,125.73613,-0.69312,-0.46213,0.55319,-0.72854,-0.44563,0.52022
T,254,0.18112,0.10234,0.08057,101.69762,105.33953,129.55287,103.63629,108.10086,138.05764,100.77505,101.36329,121.36429,-0.70536,-0.44669,0.55039,-0.72222,-0.43386,0.53867
C,255,0.16165,0.05154,0.07426,104.08276,106.59213,127.51167,108.71176,104.61670,135.15265,99.84973,107.06979,119.41427,-0.70566,-0.37059,0.60391,-0.71810,-0.42455,0.55144
A,256,0.14022,0.03807,0.06786,106.31886,107.93920,125.36466,111.25938,101.68848,129.86291,101.08897,112.99711,119.81666,-0.66157,-0.39854,0.63521,-0.70969,-0.42220,0.56400
C,257,0.13371,0.03038,0.06855,108.57508,109.22433,123.20079,111.05364,100.43840,123.81612,105.18690,117.51832,121.34486,-0.66752,-0.38022,0.64020,-0.69489,-0.42998,0.57641
C,258,0.14751,0.05086,0.07255,110.81782,110.62281,121.09396,109.89246,102.13301,117.81044,110.55013,119.48470,123.35443,-0.66353,-0.41375,0.62332,-0.68579,-0.44203,0.57819
G,259,0.17645,0.05645,0.07341,113.33656,111.92089,119.25131,109.29753,106.10981,113.45200,116.36076,118.82725,124.43502,-0.74519,-0.38405,0.54516,-0.68355,-0.45185,0.57323
T,260,0.20055,0.09208,0.07783,115.83066,113.28059,117.41962,109.18972,111.99242,111.25902,121.81431,116.03164,123.77116,-0.73790,-0.40228,0.54192,-0.67590,-0.46830,0.56909
T,261,0.20848,0.08442,0.08727,118.04780,114.95032,115.49072,109.95849,117.81261,112.31505,126.03831,113.36133,119.65502,-0.65596,-0.49400,0.57068,-0.66820,-0.48670,0.56270
T,262,0.17049,0.06492,0.09799,120.08195,116.97709,113.70778,112.73616,122.21630,115.22588,127.99084,112.37901,113.56093,-0.60182,-0.59964,0.52750,-0.66352,-0.50677,0.55039
C,263,0.14116,0.05606,0.10717,122.35739,118.86973,112.07539,118.46084,124.81147,117.83969,127.31361,112.68393,107.50524,-0.67321,-0.55995,0.48296,-0.65800,-0.52679,0.53808
C,264,0.10965,0.03400,0.11453,124.62100,120.68522,110.34205,124.75376,124.55983,118.62965,125.67557,115.87840,102.62863,-0.66971,-0.53713,0.51282,-0.65126,-0.53929,0.53388
G,265,0.04677,0.04684,0.11693,126.57924,122.71592,108.48035,130.27158,123.34624,116.82803,123.93539,120.87631,99.91645,-0.57936,-0.60080,0.55080,-0.64211,-0.55078,0.53323
C,266,0.01688,0.02623,0.11791,128.72127,124.51833,106.58630,134.26680,120.12028,112.38446,123.40175,127.63806,99.82727,-0.63374,-0.53326,0.56037,-0.63722,-0.56113,0.52828
T,267,0.08188,0.05364,0.11659,130.75773,126.69746,104.99614,136.33770,119.73524,107.02247,124.93458,132.87306,101.58038,-0.60250,-0.64471,0.47046,-0.64199,-0.55920,0.52454
T,268,0.13125,0.01144,0.11419,132.86831,128.56198,103.12707,135.35862,119.98417,101.14367,129.38647,136.99271,103.84410,-0.62443,-0.55163,0.55298,-0.65149,-0.54739,0.52528
G,269,0.18396,0.03212,0.11078,135.12109,130.28008,101.28384,133.40909,122.91150,96.13725,135.63011,138.33274,105.59778,-0.66650,-0.50831,0.54533,-0.65716,-0.53639,0.52956
T,270,0.22934,0.04798,0.10703,137.33261,132.05129,99.44090,131.95069,128.21714,93.11250,141.67244,137.11756,105.70296,-0.65429,-0.52403,0.54525,-0.66630,-0.51758,0.53680
C,271,0.28048,0.05446,0.10828,139.53907,134.03856,97.82638,131.87833,135.02132,92.92109,146.66037,134.33066,103.56364,-0.65280,-0.58795,0.47767,-0.67430,-0.49960,0.54380
T,272,0.29863,0.05209,0.11319,141.89878,135.61161,95.98744,134.24982,140.17893,93.90238,149.71934,132.14923,99.23787,-0.69814,-0.46540,0.54406,-0.67979,-0.47945,0.55499
C,273,0.32352,0.12308,0.11976,144.45706,137.13421,94.38704,139.02690,144.11255,96.73876,150.61159,130.42872,93.45282,-0.75689,-0.45047,0.47349,-0.69140,-0.45378,0.56218
T,274,0.33541,0.05209,0.12612,146.77483,138.54152,92.36917,144.50159,145.37752,98.00973,150.19484,131.37881,87.81795,-0.68573,-0.41636,0.59700,-0.70368,-0.43125,0.56468
C,275,0.32281,0.07543,0.13718,149.23865,139.67036,90.34934,151.09232,143.70813,98.34776,148.35814,134.45787,82.88146,-0.72894,-0.33398,0.59758,-0.71130,-0.40870,0.57185
T,276,0.34827,0.04273,0.14971,151.37275,141.13559,88.17606,155.91530,141.48979,96.11043,147.58842,139.37042,80.03495,-0.63139,-0.43350,0.64298,-0.71345,-0.38463,0.58570
T,277,0.32955,0.03800,0.16556,153.78562,142.29708,86.11368,158.50034,137.60414,92.39558,149.04552,145.59583,79.01691,-0.71387,-0.34364,0.61017,-0.71585,-0.35697,0.60010
G,278,0.32987,0.05354,0.18458,156.32347,143.47019,84.21434,159.31349,135.22427,86.81801,152.73489,150.93628,80.32923,-0.75084,-0.34707,0.56194,-0.71655,-0.32903,0.61506
A,279,0.29901,0.02882,0.20292,158.93972,144.34365,82.26069,158.12126,135.35758,80.74566,158.76290,153.48800,82.51365,-0.77404,-0.25842,0.57800,-0.71744,-0.30359,0.62698
A,280,0.28431,0.07842,0.22077,161.27226,145.42891,80.06846,157.00168,138.78862,75.44425,164.45077,153.04715,84.01484,-0.69010,-0.32108,0.64859,-0.71984,-0.28348,0.63362
C,281,0.25670,0.05284,0.23503,163.55779,146.51603,77.82817,156.42199,144.23045,72.57735,170.02112,150.26978,83.10539,-0.67619,-0.32163,0.66281,-0.72294,-0.25894,0.64056
T,282,0.22518,0.05778,0.24121,166.03510,147.14731,75.61711,158.47700,149.36401,70.96138,173.59888,146.48193,80.72211,-0.73293,-0.18677,0.65416,-0.72389,-0.23392,0.64905
A,283,0.18628,0.07239,0.24058,168.51193,147.72752,73.39156,162.51522,154.40648,71.61798,175.17408,142.11156,76.18283,-0.73279,-0.17166,0.65845,-0.71768,-0.21598,0.66203
C,284,0.16339,0.03911,0.23739,170.98778,148.37283,71.18290,167.95905,156.71486,73.40819,175.05250,140.23740,70.17929,-0.73250,-0.19092,0.65345,-0.71056,-0.20854,0.67203
C,285,0.15341,0.03581,0.22615,173.44068,148.90530,68.91924,174.17865,156.10415,74.51804,173.76917,141.00742,64.31164,-0.72571,-0.15754,0.66972,-0.70951,-0.20345,0.67469
A,286,0.12243,0.03727,0.21368,175.79150,149.31533,66.52552,179.80139,152.76445,73.99137,172.47570,144.47703,59.50336,-0.69551,-0.12131,0.70820,-0.71524,-0.19015,0.67252
T,287,0.12129,0.05608,0.19862,178.07401,149.85682,64.09214,183.23702,148.51670,71.52598,173.05972,149.60318,56.44315,-0.67530,-0.16020,0.71993,-0.72038,-0.18030,0.66973
A,288,0.12430,0.04112,0.18161,180.35135,150.45063,61.66613,184.45834,144.15057,66.87731,175.68384,155.48724,55.61953,-0.67377,-0.17568,0.71775,-0.72299,-0.17605,0.66805
G,289,0.17177,0.05552,0.16501,182.78714,151.41375,59.52984,184.95513,142.71779,61.37225,179.78198,159.48955,56.45332,-0.72065,-0.28495,0.63204,-0.72566,-0.17175,0.66627
A,290,0.18530,0.05101,0.14816,185.25493,152.07369,57.31649,183.10600,143.36733,55.50101,186.30032,161.13699,58.00802,-0.73011,-0.19525,0.65484,-0.72461,-0.16402,0.66936
T,291,0.19557,0.06118,0.13398,187.82494,152.69905,55.21212,182.72199,146.71088,50.54134,192.04101,159.80981,59.13340,-0.76036,-0.18502,0.62259,-0.72194,-0.15573,0.67420
G,292,0.20511,0.02999,0.12107,190.37853,153.13077,53.04022,183.14192,152.03178,47.55039,197.26801,155.80422,58.43487,-0.75550,-0.12773,0.64258,-0.72272,-0.14212,0.67637
T,293,0.22040,0.08036,0.10662,192.94576,153.62170,50.89716,185.89254,157.60240,46.64033,200.25307,151.10231,55.79311,-0.75954,-0.14524,0.63404,-0.72263,-0.12143,0.68048
A,294,0.22375,0.05681,0.09439,195.50433,154.06453,48.73335,190.69177,161.79865,47.87472,201.13716,147.13544,50.72667,-0.75697,-0.13102,0.64018,-0.71760,-0.09369,0.69012
G,295,0.19607,0.09446,0.08709,197.77736,154.27167,46.24040,196.24328,163.03191,48.38962,200.49935,145.60077,45.18172,-0.67249,-0.06128,0.73756,-0.70903,-0.06581,0.70210
T,296,0.18112,0.10234,0.08057,200.09238,154.44054,43.78345,202.27781,161.49186,49.18876,198.94028,146.55168,39.29423,-0.68492,-0.04996,0.72691,-0.70221,-0.04577,0.71049
C,297,0.16165,0.05154,0.07426,202.40442,154.29500,41.32222,207.28255,156.91452,48.60621,197.91752,150.17638,34.49439,-0.68404,0.04306,0.72818,-0.69776,-0.03093,0.71566
A,298,0.14022,0.03807,0.06786,204.56359,154.16965,38.72478,209.68263,151.48287,45.81641,199.13027,155.28310,31.44784,-0.63881,0.03709,0.76847,-0.68897,-0.02201,0.72445
C,299,0.13371,0.03038,0.06855,206.74273,153.98340,36.14776,209.29622,147.04408,41.53663,203.24454,159.82822,30.03914,-0.64472,0.05510,0.76243,-0.67374,-0.02162,0.73865
C,300,0.14751,0.05086,0.07255,208.90946,153.92309,33.55430,207.93704,145.07204,35.65854,208.65505,162.51931,30.43102,-0.64104,0.01784,0.76730,-0.66452,-0.03068,0.74664
G,301,0.17645,0.05645,0.07341,211.36094,153.92541,31.22736,207.18050,145.90644,29.83648,214.50074,162.51430,31.52246,-0.72529,-0.00069,0.68844,-0.66237,-0.04161,0.74802
T,302,0.20055,0.09208,0.07783,213.78774,153.98510,28.87545,206.96610,149.52959,24.71274,219.94891,159.76442,32.39026,-0.71799,-0.01766,0.69583,-0.65474,-0.05763,0.75365
T,303,0.20848,0.08442,0.08727,215.93268,154.24942,26.27665,207.72973,154.92210,22.27995,224.05950,155.18685,30.37428,-0.63460,-0.07820,0.76888,-0.64713,-0.07652,0.75853
T,304,0.17049,0.06492,0.09799,217.89696,154.89312,23.60239,210.56836,160.16583,22.11753,225.82705,150.91605,25.84092,-0.58115,-0.19045,0.79120,-0.64271,-0.10009,0.75955
C,305,0.14116,0.05606,0.10717,220.10798,155.50798,21.12091,216.35495,163.71241,22.64293,224.95904,147.76221,20.69089,-0.65415,-0.18191,0.73416,-0.63744,-0.12363,0.76051
C,306,0.10965,0.03400,0.11453,222.30453,156.00235,18.59996,222.67097,163.87278,23.25148,223.14879,147.67120,14.91301,-0.64986,-0.14626,0.74584,-0.63076,-0.13640,0.76390
G,307,0.04677,0.04684,0.11693,224.19045,156.60584,15.86071,228.13757,161.78720,22.28630,221.29237,150.29103,9.90766,-0.55797,-0.17855,0.81043,-0.62156,-0.14638,0.76957
C,308,0.01688,0.02623,0.11791,226.26054,157.00029,13.21808,232.01288,156.56895,20.32013,220.71238,155.83147,6.03712,-0.61245,-0.11670,0.78184,-0.61676,-0.15777,0.77118
T,309,0.08188,0.05364,0.11659,228.23217,157.87849,10.61695,233.91773,153.20270,16.05073,222.26525,161.12432,4.48711,-0.58332,-0.25982,0.76956,-0.62166,-0.15823,0.76714
T,310,0.13125,0.01144,0.11419,230.27120,158.33871,7.96084,232.75391,150.10604,11.08716,226.75888,165.74813,3.90146,-0.60326,-0.13616,0.78583,-0.63121,-0.14794,0.76138
G,311,0.18396,0.03212,0.11078,232.45413,158.69084,5.40443,230.63001,149.72505,5.36194,233.04543,167.76689,4.40939,-0.64584,-0.10418,0.75634,-0.63680,-0.13637,0.75887
T,312,0.22934,0.04798,0.10703,234.59547,159.08749,2.81952,229.04347,152.41935,-0.08319,239.09584,166.74854,5.00343,-0.63353,-0.11735,0.76476,-0.64584,-0.11664,0.75451
C,313,0.28048,0.05446,0.10828,236.73749,159.79141,0.30146,228.92106,157.93155,-4.07562,244.03248,163.17976,4.66226,-0.63373,-0.20826,0.74499,-0.65373,-0.09776,0.75038
T,314,0.29863,0.05209,0.11319,239.02836,160.02485,-2.17278,231.28855,162.71508,-6.24371,246.96891,158.90203,2.23192,-0.67777,-0.06907,0.73202,-0.65900,-0.07474,0.74842
C,315,0.32352,0.12308,0.11976,241.52548,160.34868,-4.42753,236.12629,167.50411,-6.26140,247.69117,154.20883,-1.59891,-0.73879,-0.09581,0.66709,-0.67055,-0.04934,0.74022
T,316,0.33541,0.05209,0.12612,243.76992,160.34489,-6.95476,241.62970,169.19818,-6.08691,247.09246,151.82185,-6.77308,-0.66403,0.00112,0.74770,-0.68288,-0.02917,0.72994
C,317,0.32281,0.07543,0.13718,246.16207,160.10822,-9.33089,248.23845,167.92927,-5.06073,245.08253,151.60421,-12.52945,-0.70774,0.07002,0.70300,-0.69042,-0.00641,0.72338
T,318,0.34827,0.04273,0.14971,248.21769,160.06690,-12.01363,253.00347,164.77680,-5.79852,244.19244,154.06591,-17.62611,-0.60817,0.01222,0.79371,-0.69230,0.02129,0.72129
T,319,0.32955,0.03800,0.16556,250.55739,159.83385,-14.44178,255.49636,159.44187,-6.74975,245.57664,158.61535,-22.01950,-0.69222,0.06895,0.71839,-0.69443,0.05229,0.71766
G,320,0.32987,0.05354,0.18458,253.02701,159.70076,-16.74561,256.15030,154.32208,-10.03522,249.27050,163.72035,-24.05629,-0.73066,0.03938,0.68161,-0.69484,0.08380,0.71427
A,321,0.29901,0.02882,0.20292,255.57524,159.28864,-18.92760,254.76814,151.02344,-15.08708,255.34713,166.98526,-23.86972,-0.75391,0.12193,0.64556,-0.69553,0.11155,0.70979
A,322,0.28431,0.07842,0.22077,257.83108,158.92040,-21.41758,253.46129,150.88196,-21.36422,261.08185,167.39775,-22.54965,-0.66741,0.10894,0.73668,-0.69784,0.13193,0.70400
C,323,0.25670,0.05284,0.23503,260.03842,158.52718,-23.94689,252.75706,153.76694,-26.78174,266.63897,164.52305,-21.89829,-0.65306,0.11634,0.74832,-0.70088,0.15614,0.69598
T,324,0.22518,0.05778,0.24121,262.44132,157.77165,-26.20070,254.72726,157.07026,-31.07059,270.16503,160.00740,-21.83489,-0.71092,0.22353,0.66681,-0.70173,0.18160,0.68891
A,325,0.18628,0.07239,0.24058,264.84361,156.96576,-28.43766,258.75125,161.55522,-33.49083,271.62596,153.81975,-23.16350,-0.71074,0.23843,0.66182,-0.69524,0.20366,0.68932
C,326,0.16339,0.03911,0.23739,267.24502,156.22318,-30.69734,264.23326,164.40408,-33.47521,271.32907,148.88891,-27.05816,-0.71048,0.21970,0.66855,-0.68785,0.21535,0.69317
C,327,0.15341,0.03581,0.22615,269.62252,155.35668,-32.93812,270.48832,164.44916,-32.39802,269.85812,146.23262,-32.29740,-0.70340,0.25636,0.66295,-0.68675,0.22105,0.69246
A,328,0.12243,0.03727,0.21368,271.89471,154.31699,-35.21421,276.11340,161.32522,-31.11519,268.39262,146.40313,-38.18417,-0.67225,0.30760,0.67340,-0.69263,0.23087,0.68334
T,329,0.12129,0.05608,0.19862,274.09654,153.36435,-37.59514,279.49781,156.38521,-30.85606,268.84753,148.90417,-43.61752,-0.65143,0.28185,0.70442,-0.69793,0.23750,0.67564
A,330,0.12430,0.04112,0.18161,276.29309,152.45914,-39.99933,280.60161,150.14374,-32.26693,271.40643,153.26700,-47.69234,-0.64987,0.26781,0.71130,-0.70061,0.24010,0.67194
G,331,0.17177,0.05552,0.16501,278.65467,152.02030,-42.37732,280.93549,145.85086,-36.01726,275.50259,156.99211,-49.38160,-0.69869,0.12983,0.70355,-0.70337,0.24267,0.66812
A,332,0.18530,0.05101,0.14816,281.04778,151.28725,-44.64888,278.89969,143.09998,-41.17487,282.05549,159.14919,-49.21932,-0.70802,0.21688,0.67206,-0.70227,0.25079,0.66628
T,333,0.19557,0.06118,0.13398,283.54670,150.58583,-46.81402,278.33928,143.06988,-47.14228,287.83701,158.61719,-47.71122,-0.73932,0.20752,0.64057,-0.69951,0.26033,0.66552
G,334,0.20511,0.02999,0.12107,286.02835,149.68662,-48.92524,278.63107,145.77281,-52.62345,293.06550,154.85130,-46.18312,-0.73422,0.26604,0.62462,-0.70031,0.27280,0.65966
T,335,0.22040,0.08036,0.10662,288.52415,148.85240,-51.04643,281.31574,149.82651,-56.59661,295.99701,149.44232,-45.80020,-0.73840,0.24681,0.62757,-0.70022,0.29221,0.65139
A,336,0.22375,0.05681,0.09439,291.01095,147.96687,-53.15737,286.12389,153.92902,-58.08523,296.74811,143.29919,-47.77106,-0.73574,0.26199,0.62454,-0.69507,0.32049,0.64355
G,337,0.19607,0.09446,0.08709,293.20362,146.70463,-55.39866,291.68066,155.16972,-58.51914,295.94738,138.91358,-51.46345,-0.64872,0.37344,0.66310,-0.68632,0.35016,0.63746
T,338,0.18112,0.10234,0.08057,295.43962,145.43058,-57.58989,297.74706,154.27440,-57.16893,294.19903,136.39887,-56.81294,-0.66154,0.37694,0.64829,-0.67937,0.37136,0.63289
C,339,0.16165,0.05154,0.07426,297.67455,143.89450,-59.60729,302.76073,150.10443,-55.21616,293.00337,136.69890,-62.78817,-0.66122,0.45446,0.59686,-0.67485,0.38648,0.62866
A,340,0.14022,0.03807,0.06786,299.75230,142.30017,-61.74399,305.10767,144.01651,-54.52674,294.08723,139.18388,-68.21780,-0.61472,0.47170,0.63216,-0.66585,0.39869,0.63063
C,341,0.13371,0.03038,0.06855,301.85104,140.66681,-63.83009,304.61655,137.94271,-55.54482,298.12593,142.09284,-72.06444,-0.62093,0.48324,0.61719,-0.65019,0.40683,0.64168
C,342,0.14751,0.05086,0.07255,303.93605,139.12834,-66.00040,303.08724,133.01694,-59.24431,303.52848,144.46985,-73.41773,-0.61687,0.45517,0.64210,-0.64066,0.40374,0.65311
G,343,0.17645,0.05645,0.07341,306.31358,137.78836,-67.99444,302.14381,130.43306,-64.49773,309.40532,145.00935,-72.68625,-0.70341,0.39644,0.58995,-0.63839,0.39546,0.66035
T,344,0.20055,0.09208,0.07783,308.66530,136.48199,-70.04071,301.74599,130.53929,-70.76322,314.89565,143.16079,-70.57994,-0.69577,0.38650,0.60541,-0.63049,0.38532,0.67380
T,345,0.20848,0.08442,0.08727,310.72626,135.20887,-72.39783,302.39828,133.61180,-75.83421,318.97085,138.19348,-69.78379,-0.60975,0.37666,0.69737,-0.62261,0.37237,0.68825
T,346,0.17049,0.06492,0.09799,312.60183,134.20875,-75.02584,305.19640,137.81595,-79.00857,320.62359,132.08905,-71.16932,-0.55490,0.29589,0.77752,-0.61800,0.35342,0.70226
C,347,0.14116,0.05606,0.10717,314.73023,133.29046,-77.48572,310.97345,140.97013,-80.74512,319.61560,126.59172,-73.61601,-0.62970,0.27169,0.72778,-0.61256,0.33447,0.71617
C,348,0.10965,0.03400,0.11453,316.84370,132.25059,-79.90983,317.30423,141.36820,-80.51930,317.62639,123.28142,-78.28014,-0.62529,0.30765,0.71719,-0.60569,0.32574,0.72597
G,349,0.04677,0.04684,0.11693,318.63919,131.18157,-82.56649,322.75142,139.03468,-80.30094,315.59758,122.64595,-83.83383,-0.53121,0.31628,0.78599,-0.59625,0.32059,0.73601
C,350,0.01688,0.02623,0.11791,320.62313,129.99214,-85.03096,326.59717,133.56923,-79.09550,314.86106,125.04655,-90.13530,-0.58696,0.35190,0.72913,-0.59133,0.31203,0.74361
T,351,0.08188,0.05364,0.11659,322.50681,129.22681,-87.73104,328.38952,128.35895,-80.77725,316.33041,128.52477,-94.44473,-0.55730,0.22643,0.79884,-0.59635,0.30944,0.74068
T,352,0.13125,0.01144,0.11419,324.45886,128.08446,-90.24281,327.09132,123.01759,-83.09358,320.77348,131.95806,-97.66761,-0.57753,0.33797,0.74313,-0.60614,0.31480,0.73041
G,353,0.18396,0.03212,0.11078,326.55853,126.90729,-92.61557,324.79214,119.50134,-87.54150,327.05961,133.83451,-98.57183,-0.62121,0.34827,0.70200,-0.61189,0.32301,0.72198
T,354,0.22934,0.04798,0.10703,328.61547,125.75134,-95.03574,323.01886,118.67612,-93.50810,333.13210,133.25422,-97.68553,-0.60856,0.34200,0.71603,-0.62118,0.33696,0.70753
C,355,0.28048,0.05446,0.10828,330.67318,124.88683,-97.57401,322.73607,120.97908,-99.90773,338.07871,130.05409,-96.10022,-0.60879,0.25577,0.75097,-0.62933,0.35032,0.69370
T,356,0.29863,0.05209,0.11319,332.88409,123.65665,-99.81521,325.00362,123.67824,-104.46410,340.96547,125.11520,-95.78055,-0.65411,0.36396,0.66308,-0.63481,0.36829,0.67925
C,357,0.32352,0.12308,0.11976,335.30741,122.62232,-101.93230,329.80730,127.56395,-107.32150,341.59812,119.07081,-96.31730,-0.71696,0.30601,0.62636,-0.64677,0.38478,0.65851
T,358,0.33541,0.05209,0.12612,337.47179,121.16692,-104.08210,335.30237,128.99389,-108.29478,340.85357,114.18987,-99.22424,-0.64035,0.43059,0.63604,-0.65955,0.39579,0.63902
C,359,0.32281,0.07543,0.13718,339.79004,119.60257,-105.98024,341.94804,128.44345,-106.92698,338.66627,110.78956,-103.79333,-0.68587,0.46283,0.56158,-0.66744,0.41098,0.62099
T,360,0.34827,0.04273,0.14971,341.76108,118.03081,-108.23168,346.70803,125.36563,-105.89871,337.60147,109.96017,-109.36168,-0.58315,0.46502,0.66611,-0.66956,0.43271,0.60370
T,361,0.32955,0.03800,0.16556,344.02525,116.44077,-110.17325,349.20452,120.39296,-103.74908,338.81824,111.22352,-115.59375,-0.66987,0.47043,0.57443,-0.67200,0.45628,0.58328
G,362,0.32987,0.05354,0.18458,346.42252,115.00176,-112.07240,349.78870,114.30455,-103.59317,342.41350,114.24592,-120.26208,-0.70925,0.42574,0.56188,-0.67271,0.48040,0.56273
A,363,0.29901,0.02882,0.20292,348.90397,113.40005,-113.71597,348.27082,108.74929,-105.86205,348.47170,116.97291,-122.12800,-0.73416,0.47388,0.48626,-0.67373,0.50080,0.54341
A,364,0.28431,0.07842,0.22077,351.08327,111.66453,-115.62987,346.76948,105.10967,-110.92460,354.24206,117.98745,-121.43997,-0.64476,0.51347,0.56624,-0.67635,0.51440,0.52721
C,365,0.25670,0.05284,0.23503,353.21303,109.88680,-117.56072,345.87769,104.44667,-117.00192,359.83534,115.91246,-119.44512,-0.63011,0.52596,0.57126,-0.67980,0.52991,0.50702
T,366,0.22518,0.05778,0.24121,355.54921,107.96277,-119.06565,347.69150,104.73266,-122.46233,363.39085,112.17573,-116.95045,-0.69118,0.56924,0.44524,-0.68103,0.54696,0.48686
A,367,0.18628,0.07239,0.24058,357.88562,106.00667,-120.52826,351.60877,107.02278,-127.10726,364.84966,106.29875,-114.60110,-0.69125,0.57873,0.43273,-0.67467,0.56533,0.47457
C,368,0.16339,0.03911,0.23739,360.22004,104.09004,-122.04530,357.07000,109.31710,-128.86217,364.46323,100.03461,-115.02652,-0.69066,0.56705,0.44883,-0.66725,0.57706,0.47093
C,369,0.15341,0.03581,0.22615,362.53195,102.08203,-123.47617,363.35524,109.88490,-128.18274,362.84661,94.90528,-117.80963,-0.68400,0.59409,0.42333,-0.66621,0.58136,0.46711
A,370,0.12243,0.03727,0.21368,364.73864,99.91238,-124.83541,369.03778,107.95924,-125.52818,361.19687,91.74533,-122.72124,-0.65287,0.64191,0.40214,-0.67243,0.58440,0.45422
T,371,0.12129,0.05608,0.19862,366.87115,97.75637,-126.32820,372.46059,103.98414,-122.62853,361.46561,90.74212,-128.62926,-0.63092,0.63787,0.44165,-0.67801,0.58560,0.44428
A,372,0.12430,0.04112,0.18161,368.99736,95.62648,-127.86678,373.56022,98.02071,-120.30619,363.86764,92.01656,-134.52778,-0.62905,0.63015,0.45520,-0.68082,0.58569,0.43984
G,373,0.17177,0.05552,0.16501,371.28629,93.89450,-129.65155,373.80461,92.35706,-120.99078,367.88480,94.09036,-138.14307,-0.67720,0.51242,0.52804,-0.68371,0.58569,0.43531
A,374,0.18530,0.05101,0.14816,373.61199,91.97914,-131.18352,371.62659,87.20256,-123.63654,374.42544,95.88292,-139.41841,-0.68808,0.56667,0.45325,-0.68272,0.59135,0.42918
T,375,0.19557,0.06118,0.13398,376.04655,90.14862,-132.64862,370.88026,83.82039,-128.52826,380.25459,96.22289,-138.04401,-0.72028,0.54157,0.43346,-0.68005,0.59876,0.42310
G,376,0.20511,0.02999,0.12107,378.46682,88.18536,-133.95716,370.98316,82.95894,-134.58479,385.55255,93.91021,-134.81335,-0.71606,0.58085,0.38714,-0.68111,0.60577,0.41126
T,377,0.22040,0.08036,0.10662,380.90051,86.26998,-135.31101,373.51608,84.03386,-140.22879,388.52960,89.62314,-131.53376,-0.72002,0.56668,0.40055,-0.68141,0.61713,0.39348
A,378,0.22375,0.05681,0.09439,383.32585,84.31811,-136.62719,378.24869,86.52372,-143.91226,389.25859,83.42955,-129.71868,-0.71756,0.57748,0.38940,-0.67669,0.63601,0.37091
G,379,0.19607,0.09446,0.08709,385.45556,81.98526,-137.82989,383.78103,87.23559,-145.13361,388.37136,77.73591,-130.26975,-0.63009,0.69019,0.35583,-0.66832,0.65697,0.34890
T,380,0.18112,0.10234,0.08057,387.63024,79.67034,-138.98589,389.89233,87.18300,-143.69305,386.47311,72.66475,-133.21551,-0.64340,0.68489,0.34201,-0.66166,0.67182,0.33297
C,381,0.16165,0.05154,0.07426,389.81098,77.23703,-139.85064,394.99148,84.77866,-139.87774,385.08947,69.55859,-138.28111,-0.64519,0.71991,0.25584,-0.65738,0.68186,0.32082
A,382,0.14022,0.03807,0.06786,391.83126,74.69029,-140.77637,397.39822,80.11086,-135.94513,385.98707,68.53650,-144.19554,-0.59772,0.75347,0.27389,-0.64840,0.69294,0.31529
C,383,0.13371,0.03038,0.06855,393.87437,72.13960,-141.63897,396.91493,74.52690,-133.34618,389.88470,68.72075,-149.12953,-0.60447,0.75464,0.25520,-0.63245,0.70570,0.31936
C,384,0.14751,0.05086,0.07255,395.90050,69.61995,-142.62416,395.30278,68.39210,-133.57708,395.22682,69.85462,-151.74587,-0.59945,0.74546,0.29148,-0.62255,0.70948,0.33026
G,385,0.17645,0.05645,0.07341,398.22322,67.36002,-143.58440,394.21248,63.30810,-136.42825,401.12002,70.64048,-151.61943,-0.68720,0.66862,0.28409,-0.62001,0.70670,0.34083
T,386,0.20055,0.09208,0.07783,400.51829,65.09872,-144.60594,393.61847,59.86847,-141.64764,406.68533,70.23400,-149.00036,-0.67901,0.66903,0.30223,-0.61162,0.70581,0.35743
T,387,0.20848,0.08442,0.08727,402.51283,62.69319,-145.89422,394.09211,59.53908,-147.58464,410.81553,66.53063,-145.66243,-0.59010,0.71169,0.38115,-0.60321,0.70317,0.37642
T,388,0.17049,0.06492,0.09799,404.31184,60.36268,-147.55455,396.76239,61.18717,-152.65754,412.46373,60.68793,-143.41263,-0.53225,0.68950,0.49122,-0.59805,0.69535,0.39853
C,389,0.14116,0.05606,0.10717,406.36828,58.19143,-149.12971,402.46181,62.74221,-156.03944,411.41547,54.78099,-142.30261,-0.60841,0.64238,0.46602,-0.59205,0.68748,0.42054
C,390,0.10965,0.03400,0.11453,408.41170,55.94012,-150.60634,408.79384,63.12064,-156.26396,409.30304,49.44212,-144.22701,-0.60456,0.66607,0.43688,-0.58482,0.68571,0.43334
G,391,0.04677,0.04684,0.11693,410.13022,53.53755,-152.24912,414.26021,61.24982,-154.92839,407.10591,45.81124,-148.39267,-0.50844,0.71082,0.48603,-0.57504,0.68700,0.44426
C,392,0.01688,0.02623,0.11791,412.04388,51.14156,-153.67092,418.17709,57.36862,-150.96502,406.15737,44.25028,-154.92548,-0.56617,0.70887,0.42065,-0.56983,0.68416,0.45521
T,393,0.08188,0.05364,0.11659,413.84723,48.96422,-155.52337,419.94977,52.09564,-149.46799,407.46881,44.67526,-160.48675,-0.53353,0.64418,0.54806,-0.57492,0.68043,0.45441
T,394,0.13125,0.01144,0.11419,415.72722,46.58084,-157.00982,418.61451,46.39455,-148.32976,411.78669,45.63922,-165.21348,-0.55621,0.70514,0.43978,-0.58506,0.67918,0.44319
G,395,0.18396,0.03212,0.11078,417.75935,44.24526,-158.36626,416.20037,41.01130,-149.95047,418.02921,46.60204,-167.20296,-0.60122,0.69100,0.40131,-0.59112,0.68128,0.43177
T,396,0.22934,0.04798,0.10703,419.74714,41.90101,-159.77253,414.24696,36.98780,-154.35746,424.13006,46.54802,-166.32309,-0.58810,0.69357,0.41606,-0.60095,0.68477,0.41225
C,397,0.28048,0.05446,0.10828,421.73012,39.73084,-161.44062,413.74949,35.28531,-160.92959,429.14442,44.73827,-163.35593,-0.58668,0.64206,0.49352,-0.60961,0.68811,0.39355
T,398,0.29863,0.05209,0.11319,423.87787,37.42430,-162.66186,415.85606,34.91789,-166.27890,432.07171,40.80432,-160.39229,-0.63543,0.68241,0.36131,-0.61565,0.69487,0.37165
C,399,0.32352,0.12308,0.11976,426.24054,35.34685,-163.89735,420.54285,36.45711,-170.96970,432.72646,35.50223,-157.44575,-0.69901,0.61463,0.36553,-0.62836,0.69694,0.34559
T,400,0.33541,0.05209,0.12612,428.34610,32.90640,-164.91479,425.99545,37.02194,-172.74111,431.92313,29.84163,-157.07091,-0.62295,0.72203,0.30102,-0.64182,0.69521,0.32367
C,401,0.32281,0.07543,0.19026,430.61402,30.51596,-165.66762,432.68403,37.25699,-171.49756,429.61628,24.48444,-158.86030,-0.67098,0.70723,0.22273,-0.65036,0.69768,0.30045
T,402,0.34827,0.04273,0.27091,432.52393,27.92450,-166.69765,437.49367,35.23651,-169.05361,428.38346,20.67333,-162.95710,-0.56506,0.76671,0.30474,-0.65316,0.70591,0.27400
T,403,0.32955,0.03800,0.33426,434.73660,25.48902,-167.47024,440.08828,32.31111,-164.54908,429.39675,18.18835,-168.84891,-0.65464,0.72056,0.22858,-0.65640,0.71389,0.24393
G,404,0.32987,0.05354,0.38907,437.08266,23.20056,-168.29691,440.71650,27.36375,-161.00461,432.82477,18.00848,-174.51199,-0.69410,0.67706,0.24458,-0.65791,0.72223,0.21338
A,405,0.29901,0.02882,0.43847,439.52189,20.92078,-168.82337,439.16454,21.51546,-159.70015,438.80392,19.13435,-177.76807,-0.72167,0.67449,0.15576,-0.65966,0.72820,0.18596
A,406,0.28431,0.07842,0.00000,441.65155,18.38180,-169.48860,437.52943,15.67403,-161.78208,444.58626,20.28933,-177.94220,-0.63008,0.75118,0.19682,-0.66287,0.73032,0.16500
C,407,0.25670,0.05284,0.00000,443.73144,15.79902,-170.14257,436.45256,11.71128,-166.39788,450.25245,19.63175,-175.29049,-0.61535,0.76414,0.19348,-0.66705,0.73180,0.13970
T,408,0.22518,0.05778,0.00000,446.03189,13.33300,-170.36858,438.09303,8.84686,-171.11929,453.90831,17.90857,-171.22926,-0.68061,0.72959,0.06687,-0.66902,0.73453,0.11348
A,409,0.18628,0.07239,0.00000,448.33411,10.86435,-170.54160,441.84837,8.07148,-176.35963,455.47786,14.36167,-166.01942,-0.68113,0.73037,0.05119,-0.66317,0.74269,0.09279
C,410,0.16339,0.03911,0.00000,450.63239,8.39763,-170.78173,447.23713,8.90993,-179.26255,455.11895,8.95335,-162.82708,-0.67996,0.72980,0.07104,-0.65594,0.75024,0.08295
C,411,0.00000,0.03581,0.00000,452.91145,5.90431,-170.89855,453.53671,9.68482,-179.20706,453.44947,3.16812,-162.18429,-0.67428,0.73767,0.03456,-0.65505,0.75162,0.07735
A,412,0.00000,0.03727,0.00000,455.08862,3.31917,-170.86201,459.31176,9.52137,-176.09768,451.66764,-2.19025,-164.40773,-0.64413,0.76484,-0.01081,-0.66169,0.74694,0.06517
T,413,0.00000,0.05608,0.00000,457.18740,0.67091,-170.94121,462.84918,7.83129,-171.56388,451.75820,-6.35276,-168.72616,-0.62094,0.78351,0.02343,-0.66758,0.74239,0.05646
A,414,0.00000,0.04112,0.00000,459.27827,-1.98152,-171.07274,464.05945,4.20216,-166.31701,453.96651,-8.65508,-174.38383,-0.61860,0.78474,0.03891,-0.67053,0.74000,0.05283
G,415,0.00000,0.05552,0.00000,461.52152,-4.44612,-171.63662,464.31905,-0.86409,-163.69575,457.85524,-9.02984,-178.65533,-0.66368,0.72917,0.16683,-0.67357,0.73749,0.04917
A,416,0.00000,0.05101,0.00000,463.81060,-6.92009,-171.88954,462.09291,-6.58579,-162.90888,464.34110,-8.34865,-180.91131,-0.67724,0.73195,0.07483,-0.63986,0.69781,0.04464
T,417,0.00000,0.06118,0.00000,466.21002,-9.28764,-172.13830,461.21609,-12.12755,-165.01720,470.20801,-7.36453,-180.14032,-0.70989,0.70046,0.07360,-0.57394,0.62268,0.04345
G,418,0.00000,0.02999,0.00000,468.60092,-11.67637,-172.18259,461.13535,-16.25467,-169.53324,475.61918,-7.51809,-176.32591,-0.70737,0.70673,0.01310,-0.51068,0.54527,0.04282
T,419,0.00000,0.00000,0.00000,471.00349,-14.05127,-172.29165,463.48372,-18.57988,-174.87220,478.72495,-9.24615,-171.28950,-0.71082,0.70263,0.03227,-0.44871,0.46685,0.03970
A,420,0.00000,0.00000,0.00000,473.39914,-16.43497,-172.34882,468.08271,-18.65825,-179.45565,479.55042,-13.34678,-166.32061,-0.70877,0.70524,0.01691,-0.38459,0.39116,0.02941
